-- MariaDB dump 10.19  Distrib 10.4.27-MariaDB, for Win64 (AMD64)
--
-- Host: localhost    Database: coderegal_db
-- ------------------------------------------------------
-- Server version	10.4.27-MariaDB

/*!40101 SET @OLD_CHARACTER_SET_CLIENT=@@CHARACTER_SET_CLIENT */;
/*!40101 SET @OLD_CHARACTER_SET_RESULTS=@@CHARACTER_SET_RESULTS */;
/*!40101 SET @OLD_COLLATION_CONNECTION=@@COLLATION_CONNECTION */;
/*!40101 SET NAMES utf8mb4 */;
/*!40103 SET @OLD_TIME_ZONE=@@TIME_ZONE */;
/*!40103 SET TIME_ZONE='+00:00' */;
/*!40014 SET @OLD_UNIQUE_CHECKS=@@UNIQUE_CHECKS, UNIQUE_CHECKS=0 */;
/*!40014 SET @OLD_FOREIGN_KEY_CHECKS=@@FOREIGN_KEY_CHECKS, FOREIGN_KEY_CHECKS=0 */;
/*!40101 SET @OLD_SQL_MODE=@@SQL_MODE, SQL_MODE='NO_AUTO_VALUE_ON_ZERO' */;
/*!40111 SET @OLD_SQL_NOTES=@@SQL_NOTES, SQL_NOTES=0 */;

--
-- Current Database: `coderegal_db`
--

CREATE DATABASE /*!32312 IF NOT EXISTS*/ `coderegal_db` /*!40100 DEFAULT CHARACTER SET utf8mb4 COLLATE utf8mb4_general_ci */;

USE `coderegal_db`;

--
-- Table structure for table `activity_questions`
--

DROP TABLE IF EXISTS `activity_questions`;
/*!40101 SET @saved_cs_client     = @@character_set_client */;
/*!40101 SET character_set_client = utf8 */;
CREATE TABLE `activity_questions` (
  `id` int(11) NOT NULL AUTO_INCREMENT,
  `activity_id` int(11) NOT NULL,
  `question_text` mediumtext NOT NULL,
  `position` int(11) NOT NULL DEFAULT 1,
  `points` int(11) NOT NULL DEFAULT 1,
  PRIMARY KEY (`id`),
  KEY `fk_questions_activity` (`activity_id`),
  CONSTRAINT `activity_questions_ibfk_1` FOREIGN KEY (`activity_id`) REFERENCES `lesson_activities` (`id`) ON DELETE CASCADE,
  CONSTRAINT `fk_questions_activity` FOREIGN KEY (`activity_id`) REFERENCES `lesson_activities` (`id`) ON DELETE CASCADE
) ENGINE=InnoDB AUTO_INCREMENT=4 DEFAULT CHARSET=utf8mb4 COLLATE=utf8mb4_general_ci;
/*!40101 SET character_set_client = @saved_cs_client */;

--
-- Dumping data for table `activity_questions`
--

LOCK TABLES `activity_questions` WRITE;
/*!40000 ALTER TABLE `activity_questions` DISABLE KEYS */;
/*!40000 ALTER TABLE `activity_questions` ENABLE KEYS */;
UNLOCK TABLES;

--
-- Table structure for table `activity_test_cases`
--

DROP TABLE IF EXISTS `activity_test_cases`;
/*!40101 SET @saved_cs_client     = @@character_set_client */;
/*!40101 SET character_set_client = utf8 */;
CREATE TABLE `activity_test_cases` (
  `id` int(11) NOT NULL AUTO_INCREMENT,
  `activity_id` int(11) NOT NULL,
  `is_sample` tinyint(1) DEFAULT 0,
  `input_text` mediumtext DEFAULT NULL,
  `expected_output_text` mediumtext DEFAULT NULL,
  `time_limit_ms` int(11) DEFAULT 2000,
  `position` int(11) NOT NULL DEFAULT 1,
  `description` varchar(500) DEFAULT NULL,
  `weight` int(11) DEFAULT 10,
  PRIMARY KEY (`id`),
  KEY `fk_test_cases_activity` (`activity_id`),
  CONSTRAINT `activity_test_cases_ibfk_1` FOREIGN KEY (`activity_id`) REFERENCES `lesson_activities` (`id`) ON DELETE CASCADE,
  CONSTRAINT `fk_test_cases_activity` FOREIGN KEY (`activity_id`) REFERENCES `lesson_activities` (`id`) ON DELETE CASCADE
) ENGINE=InnoDB AUTO_INCREMENT=47 DEFAULT CHARSET=utf8mb4 COLLATE=utf8mb4_general_ci;
/*!40101 SET character_set_client = @saved_cs_client */;

--
-- Dumping data for table `activity_test_cases`
--

LOCK TABLES `activity_test_cases` WRITE;
/*!40000 ALTER TABLE `activity_test_cases` DISABLE KEYS */;
INSERT INTO `activity_test_cases` VALUES (40,119,1,'10 20','30',2000,1,NULL,10),(41,119,1,'5 10','15',2000,2,NULL,10),(46,124,1,'TEST2','TEST2',2000,1,NULL,10);
/*!40000 ALTER TABLE `activity_test_cases` ENABLE KEYS */;
UNLOCK TABLES;

--
-- Table structure for table `audit_logs`
--

DROP TABLE IF EXISTS `audit_logs`;
/*!40101 SET @saved_cs_client     = @@character_set_client */;
/*!40101 SET character_set_client = utf8 */;
CREATE TABLE `audit_logs` (
  `id` int(11) NOT NULL AUTO_INCREMENT,
  `user_id` int(11) DEFAULT NULL,
  `action` varchar(64) NOT NULL,
  `entity_type` varchar(64) DEFAULT NULL,
  `entity_id` varchar(64) DEFAULT NULL,
  `details` text DEFAULT NULL,
  `ip` varchar(45) DEFAULT NULL,
  `user_agent` varchar(255) DEFAULT NULL,
  `created_at` datetime DEFAULT current_timestamp(),
  PRIMARY KEY (`id`)
) ENGINE=InnoDB AUTO_INCREMENT=610 DEFAULT CHARSET=utf8mb4 COLLATE=utf8mb4_general_ci;
/*!40101 SET character_set_client = @saved_cs_client */;

--
-- Dumping data for table `audit_logs`
--

LOCK TABLES `audit_logs` WRITE;
/*!40000 ALTER TABLE `audit_logs` DISABLE KEYS */;
INSERT INTO `audit_logs` VALUES (1,22,'user.send_reset_password','user','dzescotinia@kld.edu.ph','{\"admin_initiated\":true}','::1','Mozilla/5.0 (Windows NT 10.0; Win64; x64) AppleWebKit/537.36 (KHTML, like Gecko) Chrome/140.0.0.0 Safari/537.36','2025-09-12 02:53:10'),(2,22,'user.send_reset_password','user','dzescotinia@kld.edu.ph','{\"admin_initiated\":true}','::1','Mozilla/5.0 (Windows NT 10.0; Win64; x64) AppleWebKit/537.36 (KHTML, like Gecko) Chrome/140.0.0.0 Safari/537.36','2025-09-12 02:53:59'),(3,22,'user.delete','user','81','{\"payload_keys\":[\"action\",\"id\"]}','::1','Mozilla/5.0 (Windows NT 10.0; Win64; x64) AppleWebKit/537.36 (KHTML, like Gecko) Chrome/140.0.0.0 Safari/537.36','2025-09-12 02:55:09'),(4,20,'auth.login_success','user','20',NULL,'::1','Mozilla/5.0 (Windows NT 10.0; Win64; x64) AppleWebKit/537.36 (KHTML, like Gecko) Chrome/140.0.0.0 Safari/537.36','2025-09-12 02:58:59'),(5,20,'auth.logout','user','20',NULL,'::1','Mozilla/5.0 (Windows NT 10.0; Win64; x64) AppleWebKit/537.36 (KHTML, like Gecko) Chrome/140.0.0.0 Safari/537.36','2025-09-12 02:59:44'),(6,82,'auth.login_success','user','82',NULL,'::1','Mozilla/5.0 (Windows NT 10.0; Win64; x64) AppleWebKit/537.36 (KHTML, like Gecko) Chrome/140.0.0.0 Safari/537.36','2025-09-12 02:59:53'),(7,82,'auth.logout','user','82',NULL,'::1','Mozilla/5.0 (Windows NT 10.0; Win64; x64) AppleWebKit/537.36 (KHTML, like Gecko) Chrome/140.0.0.0 Safari/537.36','2025-09-12 02:59:58'),(8,22,'auth_ids.create','authorized_id','KLD-22-000137',NULL,'::1','Mozilla/5.0 (Windows NT 10.0; Win64; x64) AppleWebKit/537.36 (KHTML, like Gecko) Chrome/140.0.0.0 Safari/537.36','2025-09-12 03:01:10'),(9,22,'auth_ids.archive','authorized_id','1',NULL,'::1','Mozilla/5.0 (Windows NT 10.0; Win64; x64) AppleWebKit/537.36 (KHTML, like Gecko) Chrome/140.0.0.0 Safari/537.36','2025-09-12 03:01:34'),(10,22,'auth_ids.archive','authorized_id','30',NULL,'::1','Mozilla/5.0 (Windows NT 10.0; Win64; x64) AppleWebKit/537.36 (KHTML, like Gecko) Chrome/140.0.0.0 Safari/537.36','2025-09-12 03:02:07'),(11,22,'auth_ids.archive','authorized_id','30',NULL,'::1','Mozilla/5.0 (Windows NT 10.0; Win64; x64) AppleWebKit/537.36 (KHTML, like Gecko) Chrome/140.0.0.0 Safari/537.36','2025-09-12 03:09:35'),(12,22,'user.archive','user','KLD-22-000123','{\"payload_keys\":[\"action\",\"id_number\"]}','::1','Mozilla/5.0 (Windows NT 10.0; Win64; x64) AppleWebKit/537.36 (KHTML, like Gecko) Chrome/140.0.0.0 Safari/537.36','2025-09-12 03:13:17'),(13,22,'user.unarchive','user','KLD-22-000123','{\"payload_keys\":[\"action\",\"id_number\"]}','::1','Mozilla/5.0 (Windows NT 10.0; Win64; x64) AppleWebKit/537.36 (KHTML, like Gecko) Chrome/140.0.0.0 Safari/537.36','2025-09-12 03:13:24'),(14,22,'auth_ids.archive','authorized_id','30',NULL,'::1','Mozilla/5.0 (Windows NT 10.0; Win64; x64) AppleWebKit/537.36 (KHTML, like Gecko) Chrome/140.0.0.0 Safari/537.36','2025-09-12 03:13:28'),(15,22,'user.archive','user','KLD-22-000123','{\"payload_keys\":[\"action\",\"id_number\"]}','::1','Mozilla/5.0 (Windows NT 10.0; Win64; x64) AppleWebKit/537.36 (KHTML, like Gecko) Chrome/140.0.0.0 Safari/537.36','2025-09-12 03:14:03'),(16,22,'user.unarchive','user','KLD-22-000123','{\"payload_keys\":[\"action\",\"id_number\"]}','::1','Mozilla/5.0 (Windows NT 10.0; Win64; x64) AppleWebKit/537.36 (KHTML, like Gecko) Chrome/140.0.0.0 Safari/537.36','2025-09-12 03:18:06'),(17,22,'user.archive','user','KLD-22-000123','{\"payload_keys\":[\"action\",\"id_number\"]}','::1','Mozilla/5.0 (Windows NT 10.0; Win64; x64) AppleWebKit/537.36 (KHTML, like Gecko) Chrome/140.0.0.0 Safari/537.36','2025-09-12 03:18:08'),(18,22,'auth_ids.archive','authorized_id','30',NULL,'::1','Mozilla/5.0 (Windows NT 10.0; Win64; x64) AppleWebKit/537.36 (KHTML, like Gecko) Chrome/140.0.0.0 Safari/537.36','2025-09-12 03:18:13'),(19,22,'user.unarchive','user','KLD-22-000123','{\"payload_keys\":[\"action\",\"id_number\"]}','::1','Mozilla/5.0 (Windows NT 10.0; Win64; x64) AppleWebKit/537.36 (KHTML, like Gecko) Chrome/140.0.0.0 Safari/537.36','2025-09-12 03:18:21'),(20,22,'auth_ids.archive','authorized_id','30',NULL,'::1','Mozilla/5.0 (Windows NT 10.0; Win64; x64) AppleWebKit/537.36 (KHTML, like Gecko) Chrome/140.0.0.0 Safari/537.36','2025-09-12 03:18:30'),(21,22,'auth_ids.archive','authorized_id','30',NULL,'::1','Mozilla/5.0 (Windows NT 10.0; Win64; x64) AppleWebKit/537.36 (KHTML, like Gecko) Chrome/140.0.0.0 Safari/537.36','2025-09-12 03:18:55'),(22,22,'user.archive','user','KLD-22-000123','{\"payload_keys\":[\"action\",\"id_number\"]}','::1','Mozilla/5.0 (Windows NT 10.0; Win64; x64) AppleWebKit/537.36 (KHTML, like Gecko) Chrome/140.0.0.0 Safari/537.36','2025-09-12 03:20:58'),(23,22,'user.unarchive','user','KLD-22-000123','{\"payload_keys\":[\"action\",\"id_number\"]}','::1','Mozilla/5.0 (Windows NT 10.0; Win64; x64) AppleWebKit/537.36 (KHTML, like Gecko) Chrome/140.0.0.0 Safari/537.36','2025-09-12 03:21:06'),(24,22,'auth_ids.archive','authorized_id','31',NULL,'::1','Mozilla/5.0 (Windows NT 10.0; Win64; x64) AppleWebKit/537.36 (KHTML, like Gecko) Chrome/140.0.0.0 Safari/537.36','2025-09-12 03:21:09'),(25,22,'auth_ids.archive','authorized_id','31',NULL,'::1','Mozilla/5.0 (Windows NT 10.0; Win64; x64) AppleWebKit/537.36 (KHTML, like Gecko) Chrome/140.0.0.0 Safari/537.36','2025-09-12 03:21:16'),(26,22,'auth_ids.archive','authorized_id','30',NULL,'::1','Mozilla/5.0 (Windows NT 10.0; Win64; x64) AppleWebKit/537.36 (KHTML, like Gecko) Chrome/140.0.0.0 Safari/537.36','2025-09-12 03:21:29'),(27,22,'auth_ids.delete','authorized_id','31',NULL,'::1','Mozilla/5.0 (Windows NT 10.0; Win64; x64) AppleWebKit/537.36 (KHTML, like Gecko) Chrome/140.0.0.0 Safari/537.36','2025-09-12 03:21:43'),(28,22,'auth_ids.archive','authorized_id','28',NULL,'::1','Mozilla/5.0 (Windows NT 10.0; Win64; x64) AppleWebKit/537.36 (KHTML, like Gecko) Chrome/140.0.0.0 Safari/537.36','2025-09-12 03:21:49'),(29,22,'auth_ids.archive','authorized_id','30',NULL,'::1','Mozilla/5.0 (Windows NT 10.0; Win64; x64) AppleWebKit/537.36 (KHTML, like Gecko) Chrome/140.0.0.0 Safari/537.36','2025-09-12 03:23:15'),(30,22,'auth_ids.archive','authorized_id','30',NULL,'::1','Mozilla/5.0 (Windows NT 10.0; Win64; x64) AppleWebKit/537.36 (KHTML, like Gecko) Chrome/140.0.0.0 Safari/537.36','2025-09-12 03:23:29'),(31,22,'auth_ids.archive','authorized_id','30',NULL,'::1','Mozilla/5.0 (Windows NT 10.0; Win64; x64) AppleWebKit/537.36 (KHTML, like Gecko) Chrome/140.0.0.0 Safari/537.36','2025-09-12 03:23:59'),(32,22,'auth_ids.archive','authorized_id','30',NULL,'::1','Mozilla/5.0 (Windows NT 10.0; Win64; x64) AppleWebKit/537.36 (KHTML, like Gecko) Chrome/140.0.0.0 Safari/537.36','2025-09-12 03:27:17'),(33,22,'user.archive','user','KLD-22-000123','{\"payload_keys\":[\"action\",\"id_number\"]}','::1','Mozilla/5.0 (Windows NT 10.0; Win64; x64) AppleWebKit/537.36 (KHTML, like Gecko) Chrome/140.0.0.0 Safari/537.36','2025-09-12 03:27:42'),(34,22,'auth_ids.archive','authorized_id','28',NULL,'::1','Mozilla/5.0 (Windows NT 10.0; Win64; x64) AppleWebKit/537.36 (KHTML, like Gecko) Chrome/140.0.0.0 Safari/537.36','2025-09-12 03:27:45'),(35,22,'user.unarchive','user','KLD-22-000123','{\"payload_keys\":[\"action\",\"id_number\"]}','::1','Mozilla/5.0 (Windows NT 10.0; Win64; x64) AppleWebKit/537.36 (KHTML, like Gecko) Chrome/140.0.0.0 Safari/537.36','2025-09-12 03:27:54'),(36,22,'auth_ids.archive','authorized_id','30',NULL,'::1','Mozilla/5.0 (Windows NT 10.0; Win64; x64) AppleWebKit/537.36 (KHTML, like Gecko) Chrome/140.0.0.0 Safari/537.36','2025-09-12 03:28:14'),(37,22,'auth_ids.archive','authorized_id','30',NULL,'::1','Mozilla/5.0 (Windows NT 10.0; Win64; x64) AppleWebKit/537.36 (KHTML, like Gecko) Chrome/140.0.0.0 Safari/537.36','2025-09-12 03:30:01'),(38,22,'auth_ids.archive','authorized_id','30',NULL,'::1','Mozilla/5.0 (Windows NT 10.0; Win64; x64) AppleWebKit/537.36 (KHTML, like Gecko) Chrome/140.0.0.0 Safari/537.36','2025-09-12 03:30:09'),(39,22,'auth_ids.archive','authorized_id','30',NULL,'::1','Mozilla/5.0 (Windows NT 10.0; Win64; x64) AppleWebKit/537.36 (KHTML, like Gecko) Chrome/140.0.0.0 Safari/537.36','2025-09-12 03:30:16'),(40,22,'auth_ids.create','authorized_id','KLD-22-000138',NULL,'::1','Mozilla/5.0 (Windows NT 10.0; Win64; x64) AppleWebKit/537.36 (KHTML, like Gecko) Chrome/140.0.0.0 Safari/537.36','2025-09-12 03:35:54'),(41,22,'auth_ids.archive','authorized_id','32',NULL,'::1','Mozilla/5.0 (Windows NT 10.0; Win64; x64) AppleWebKit/537.36 (KHTML, like Gecko) Chrome/140.0.0.0 Safari/537.36','2025-09-12 03:36:13'),(42,22,'user.archive','user','KLD-22-000123','{\"payload_keys\":[\"action\",\"id_number\"]}','::1','Mozilla/5.0 (Windows NT 10.0; Win64; x64) AppleWebKit/537.36 (KHTML, like Gecko) Chrome/140.0.0.0 Safari/537.36','2025-09-12 03:37:58'),(43,22,'auth_ids.archive','authorized_id','32',NULL,'::1','Mozilla/5.0 (Windows NT 10.0; Win64; x64) AppleWebKit/537.36 (KHTML, like Gecko) Chrome/140.0.0.0 Safari/537.36','2025-09-12 03:39:15'),(44,22,'user.unarchive','user','KLD-22-000123','{\"payload_keys\":[\"action\",\"id_number\"]}','::1','Mozilla/5.0 (Windows NT 10.0; Win64; x64) AppleWebKit/537.36 (KHTML, like Gecko) Chrome/140.0.0.0 Safari/537.36','2025-09-12 03:41:00'),(45,22,'auth_ids.archive','authorized_id','32',NULL,'::1','Mozilla/5.0 (Windows NT 10.0; Win64; x64) AppleWebKit/537.36 (KHTML, like Gecko) Chrome/140.0.0.0 Safari/537.36','2025-09-12 03:41:05'),(46,22,'auth_ids.unarchive','authorized_id','32',NULL,'::1','Mozilla/5.0 (Windows NT 10.0; Win64; x64) AppleWebKit/537.36 (KHTML, like Gecko) Chrome/140.0.0.0 Safari/537.36','2025-09-12 03:41:16'),(47,22,'auth_ids.bulk_archive','authorized_id',NULL,'{\"count\":2}','::1','Mozilla/5.0 (Windows NT 10.0; Win64; x64) AppleWebKit/537.36 (KHTML, like Gecko) Chrome/140.0.0.0 Safari/537.36','2025-09-12 03:52:06'),(48,22,'auth_ids.bulk_unarchive','authorized_id',NULL,'{\"count\":2}','::1','Mozilla/5.0 (Windows NT 10.0; Win64; x64) AppleWebKit/537.36 (KHTML, like Gecko) Chrome/140.0.0.0 Safari/537.36','2025-09-12 03:52:10'),(49,22,'user.bulk_archive','user','KLD-22-000123',NULL,'::1','Mozilla/5.0 (Windows NT 10.0; Win64; x64) AppleWebKit/537.36 (KHTML, like Gecko) Chrome/140.0.0.0 Safari/537.36','2025-09-12 04:01:13'),(50,22,'user.bulk_archive','user','KLD-22-000126',NULL,'::1','Mozilla/5.0 (Windows NT 10.0; Win64; x64) AppleWebKit/537.36 (KHTML, like Gecko) Chrome/140.0.0.0 Safari/537.36','2025-09-12 04:01:13'),(51,22,'user.bulk_unarchive','user','KLD-22-000123',NULL,'::1','Mozilla/5.0 (Windows NT 10.0; Win64; x64) AppleWebKit/537.36 (KHTML, like Gecko) Chrome/140.0.0.0 Safari/537.36','2025-09-12 04:01:24'),(52,22,'user.bulk_unarchive','user','KLD-22-000126',NULL,'::1','Mozilla/5.0 (Windows NT 10.0; Win64; x64) AppleWebKit/537.36 (KHTML, like Gecko) Chrome/140.0.0.0 Safari/537.36','2025-09-12 04:01:24'),(53,22,'auth.logout','user','22',NULL,'::1','Mozilla/5.0 (Windows NT 10.0; Win64; x64) AppleWebKit/537.36 (KHTML, like Gecko) Chrome/140.0.0.0 Safari/537.36','2025-09-12 06:27:38'),(54,22,'auth.login_success','user','22',NULL,'::1','Mozilla/5.0 (Windows NT 10.0; Win64; x64) AppleWebKit/537.36 (KHTML, like Gecko) Chrome/140.0.0.0 Safari/537.36','2025-09-12 12:06:53'),(55,22,'auth.logout','user','22',NULL,'::1','Mozilla/5.0 (Windows NT 10.0; Win64; x64) AppleWebKit/537.36 (KHTML, like Gecko) Chrome/140.0.0.0 Safari/537.36','2025-09-12 12:32:54'),(56,21,'auth.login_success','user','21',NULL,'::1','Mozilla/5.0 (Windows NT 10.0; Win64; x64) AppleWebKit/537.36 (KHTML, like Gecko) Chrome/140.0.0.0 Safari/537.36','2025-09-12 12:33:02'),(57,22,'auth.login_success','user','22',NULL,'::1','Mozilla/5.0 (Windows NT 10.0; Win64; x64) AppleWebKit/537.36 (KHTML, like Gecko) Chrome/140.0.0.0 Safari/537.36','2025-09-12 12:40:52'),(58,21,'auth.logout','user','21',NULL,'::1','Mozilla/5.0 (Windows NT 10.0; Win64; x64) AppleWebKit/537.36 (KHTML, like Gecko) Chrome/140.0.0.0 Safari/537.36','2025-09-12 12:50:39'),(59,20,'auth.login_success','user','20',NULL,'::1','Mozilla/5.0 (Windows NT 10.0; Win64; x64) AppleWebKit/537.36 (KHTML, like Gecko) Chrome/140.0.0.0 Safari/537.36','2025-09-12 12:50:47'),(60,20,'auth.logout','user','20',NULL,'::1','Mozilla/5.0 (Windows NT 10.0; Win64; x64) AppleWebKit/537.36 (KHTML, like Gecko) Chrome/140.0.0.0 Safari/537.36','2025-09-12 12:57:01'),(61,22,'auth.login_success','user','22',NULL,'::1','Mozilla/5.0 (Windows NT 10.0; Win64; x64) AppleWebKit/537.36 (KHTML, like Gecko) Chrome/140.0.0.0 Safari/537.36','2025-09-12 12:57:07'),(62,22,'auth.logout','user','22',NULL,'::1','Mozilla/5.0 (Windows NT 10.0; Win64; x64) AppleWebKit/537.36 (KHTML, like Gecko) Chrome/140.0.0.0 Safari/537.36','2025-09-12 13:14:02'),(63,20,'auth.login_success','user','20',NULL,'::1','Mozilla/5.0 (Windows NT 10.0; Win64; x64) AppleWebKit/537.36 (KHTML, like Gecko) Chrome/140.0.0.0 Safari/537.36','2025-09-12 13:14:09'),(64,22,'auth.login_success','user','22',NULL,'::1','Mozilla/5.0 (Windows NT 10.0; Win64; x64) AppleWebKit/537.36 (KHTML, like Gecko) Chrome/140.0.0.0 Safari/537.36','2025-09-12 13:20:40'),(65,20,'auth.logout','user','20',NULL,'::1','Mozilla/5.0 (Windows NT 10.0; Win64; x64) AppleWebKit/537.36 (KHTML, like Gecko) Chrome/140.0.0.0 Safari/537.36','2025-09-12 13:23:38'),(66,21,'auth.login_success','user','21',NULL,'::1','Mozilla/5.0 (Windows NT 10.0; Win64; x64) AppleWebKit/537.36 (KHTML, like Gecko) Chrome/140.0.0.0 Safari/537.36','2025-09-12 13:23:50'),(67,22,'auth.logout','user','22',NULL,'::1','Mozilla/5.0 (Windows NT 10.0; Win64; x64) AppleWebKit/537.36 (KHTML, like Gecko) Chrome/140.0.0.0 Safari/537.36','2025-09-12 13:50:45'),(68,22,'auth.login_success','user','22',NULL,'::1','Mozilla/5.0 (Windows NT 10.0; Win64; x64) AppleWebKit/537.36 (KHTML, like Gecko) Chrome/140.0.0.0 Safari/537.36','2025-09-12 13:50:51'),(69,21,'auth.logout','user','21',NULL,'::1','Mozilla/5.0 (Windows NT 10.0; Win64; x64) AppleWebKit/537.36 (KHTML, like Gecko) Chrome/140.0.0.0 Safari/537.36','2025-09-12 13:51:18'),(70,20,'auth.login_success','user','20',NULL,'::1','Mozilla/5.0 (Windows NT 10.0; Win64; x64) AppleWebKit/537.36 (KHTML, like Gecko) Chrome/140.0.0.0 Safari/537.36','2025-09-12 13:51:25'),(71,20,'auth.logout','user','20',NULL,'::1','Mozilla/5.0 (Windows NT 10.0; Win64; x64) AppleWebKit/537.36 (KHTML, like Gecko) Chrome/140.0.0.0 Safari/537.36','2025-09-12 13:54:40'),(72,21,'auth.login_success','user','21',NULL,'::1','Mozilla/5.0 (Windows NT 10.0; Win64; x64) AppleWebKit/537.36 (KHTML, like Gecko) Chrome/140.0.0.0 Safari/537.36','2025-09-12 13:54:46'),(73,22,'auth.logout','user','22',NULL,'::1','Mozilla/5.0 (Windows NT 10.0; Win64; x64) AppleWebKit/537.36 (KHTML, like Gecko) Chrome/140.0.0.0 Safari/537.36','2025-09-12 14:00:10'),(74,22,'auth.login_success','user','22',NULL,'::1','Mozilla/5.0 (Windows NT 10.0; Win64; x64) AppleWebKit/537.36 (KHTML, like Gecko) Chrome/140.0.0.0 Safari/537.36','2025-09-12 14:00:15'),(75,22,'auth.logout','user','22',NULL,'::1','Mozilla/5.0 (Windows NT 10.0; Win64; x64) AppleWebKit/537.36 (KHTML, like Gecko) Chrome/140.0.0.0 Safari/537.36','2025-09-12 14:00:45'),(76,22,'auth.login_success','user','22',NULL,'::1','Mozilla/5.0 (Windows NT 10.0; Win64; x64) AppleWebKit/537.36 (KHTML, like Gecko) Chrome/140.0.0.0 Safari/537.36','2025-09-12 14:00:52'),(77,22,'auth.logout','user','22',NULL,'::1','Mozilla/5.0 (Windows NT 10.0; Win64; x64) AppleWebKit/537.36 (KHTML, like Gecko) Chrome/140.0.0.0 Safari/537.36','2025-09-12 14:03:48'),(78,21,'auth.logout','user','21',NULL,'::1','Mozilla/5.0 (Windows NT 10.0; Win64; x64) AppleWebKit/537.36 (KHTML, like Gecko) Chrome/140.0.0.0 Safari/537.36','2025-09-12 14:03:51'),(79,22,'auth.login_success','user','22',NULL,'::1','Mozilla/5.0 (Windows NT 10.0; Win64; x64) AppleWebKit/537.36 (KHTML, like Gecko) Chrome/140.0.0.0 Safari/537.36','2025-09-12 14:03:58'),(80,22,'auth.logout','user','22',NULL,'::1','Mozilla/5.0 (Windows NT 10.0; Win64; x64) AppleWebKit/537.36 (KHTML, like Gecko) Chrome/140.0.0.0 Safari/537.36','2025-09-12 14:08:38'),(81,22,'auth.login_success','user','22',NULL,'::1','Mozilla/5.0 (Windows NT 10.0; Win64; x64) AppleWebKit/537.36 (KHTML, like Gecko) Chrome/140.0.0.0 Safari/537.36','2025-09-12 14:08:45'),(82,22,'auth.logout','user','22',NULL,'::1','Mozilla/5.0 (Windows NT 10.0; Win64; x64) AppleWebKit/537.36 (KHTML, like Gecko) Chrome/140.0.0.0 Safari/537.36','2025-09-12 14:09:10'),(83,22,'auth.login_success','user','22',NULL,'::1','Mozilla/5.0 (Windows NT 10.0; Win64; x64) AppleWebKit/537.36 (KHTML, like Gecko) Chrome/140.0.0.0 Safari/537.36','2025-09-12 14:09:17'),(84,22,'auth.logout','user','22',NULL,'::1','Mozilla/5.0 (Windows NT 10.0; Win64; x64) AppleWebKit/537.36 (KHTML, like Gecko) Chrome/140.0.0.0 Safari/537.36','2025-09-12 14:13:42'),(85,22,'auth.login_success','user','22',NULL,'::1','Mozilla/5.0 (Windows NT 10.0; Win64; x64) AppleWebKit/537.36 (KHTML, like Gecko) Chrome/140.0.0.0 Safari/537.36','2025-09-12 14:13:47'),(86,22,'auth.logout','user','22',NULL,'::1','Mozilla/5.0 (Windows NT 10.0; Win64; x64) AppleWebKit/537.36 (KHTML, like Gecko) Chrome/140.0.0.0 Safari/537.36','2025-09-12 14:13:51'),(87,22,'auth.login_success','user','22',NULL,'::1','Mozilla/5.0 (Windows NT 10.0; Win64; x64) AppleWebKit/537.36 (KHTML, like Gecko) Chrome/140.0.0.0 Safari/537.36','2025-09-12 14:13:58'),(88,22,'auth.logout','user','22',NULL,'::1','Mozilla/5.0 (Windows NT 10.0; Win64; x64) AppleWebKit/537.36 (KHTML, like Gecko) Chrome/140.0.0.0 Safari/537.36','2025-09-12 14:14:29'),(89,22,'auth.login_success','user','22',NULL,'::1','Mozilla/5.0 (Windows NT 10.0; Win64; x64) AppleWebKit/537.36 (KHTML, like Gecko) Chrome/140.0.0.0 Safari/537.36','2025-09-12 14:14:38'),(90,22,'auth.logout','user','22',NULL,'::1','Mozilla/5.0 (Windows NT 10.0; Win64; x64) AppleWebKit/537.36 (KHTML, like Gecko) Chrome/140.0.0.0 Safari/537.36','2025-09-12 14:18:29'),(91,22,'auth.login_success','user','22',NULL,'::1','Mozilla/5.0 (Windows NT 10.0; Win64; x64) AppleWebKit/537.36 (KHTML, like Gecko) Chrome/140.0.0.0 Safari/537.36','2025-09-12 14:18:36'),(92,22,'auth.logout','user','22',NULL,'::1','Mozilla/5.0 (Windows NT 10.0; Win64; x64) AppleWebKit/537.36 (KHTML, like Gecko) Chrome/140.0.0.0 Safari/537.36','2025-09-12 14:18:39'),(93,22,'auth.login_success','user','22',NULL,'::1','Mozilla/5.0 (Windows NT 10.0; Win64; x64) AppleWebKit/537.36 (KHTML, like Gecko) Chrome/140.0.0.0 Safari/537.36','2025-09-12 14:18:49'),(94,22,'auth.logout','user','22',NULL,'::1','Mozilla/5.0 (Windows NT 10.0; Win64; x64) AppleWebKit/537.36 (KHTML, like Gecko) Chrome/140.0.0.0 Safari/537.36','2025-09-12 14:22:07'),(95,22,'auth.login_success','user','22',NULL,'::1','Mozilla/5.0 (Windows NT 10.0; Win64; x64) AppleWebKit/537.36 (KHTML, like Gecko) Chrome/140.0.0.0 Safari/537.36','2025-09-12 14:22:16'),(96,22,'auth.logout','user','22',NULL,'::1','Mozilla/5.0 (Windows NT 10.0; Win64; x64) AppleWebKit/537.36 (KHTML, like Gecko) Chrome/140.0.0.0 Safari/537.36','2025-09-12 14:25:27'),(97,22,'auth.login_success','user','22',NULL,'::1','Mozilla/5.0 (Windows NT 10.0; Win64; x64) AppleWebKit/537.36 (KHTML, like Gecko) Chrome/140.0.0.0 Safari/537.36','2025-09-12 14:25:37'),(98,22,'auth.logout','user','22',NULL,'::1','Mozilla/5.0 (Windows NT 10.0; Win64; x64) AppleWebKit/537.36 (KHTML, like Gecko) Chrome/140.0.0.0 Safari/537.36','2025-09-12 14:27:49'),(99,22,'auth.login_success','user','22',NULL,'::1','Mozilla/5.0 (Windows NT 10.0; Win64; x64) AppleWebKit/537.36 (KHTML, like Gecko) Chrome/140.0.0.0 Safari/537.36','2025-09-12 14:27:57'),(100,22,'auth.logout','user','22',NULL,'::1','Mozilla/5.0 (Windows NT 10.0; Win64; x64) AppleWebKit/537.36 (KHTML, like Gecko) Chrome/140.0.0.0 Safari/537.36','2025-09-12 14:30:55'),(101,22,'auth.login_success','user','22',NULL,'::1','Mozilla/5.0 (Windows NT 10.0; Win64; x64) AppleWebKit/537.36 (KHTML, like Gecko) Chrome/140.0.0.0 Safari/537.36','2025-09-12 14:31:03'),(102,22,'auth.logout','user','22',NULL,'::1','Mozilla/5.0 (Windows NT 10.0; Win64; x64) AppleWebKit/537.36 (KHTML, like Gecko) Chrome/140.0.0.0 Safari/537.36','2025-09-12 14:35:46'),(103,22,'auth.login_success','user','22',NULL,'::1','Mozilla/5.0 (Windows NT 10.0; Win64; x64) AppleWebKit/537.36 (KHTML, like Gecko) Chrome/140.0.0.0 Safari/537.36','2025-09-12 14:35:53'),(104,22,'auth.logout','user','22',NULL,'::1','Mozilla/5.0 (Windows NT 10.0; Win64; x64) AppleWebKit/537.36 (KHTML, like Gecko) Chrome/140.0.0.0 Safari/537.36','2025-09-12 14:36:50'),(105,22,'auth.login_success','user','22',NULL,'::1','Mozilla/5.0 (Windows NT 10.0; Win64; x64) AppleWebKit/537.36 (KHTML, like Gecko) Chrome/140.0.0.0 Safari/537.36','2025-09-12 14:36:56'),(106,22,'user.archive','user','KLD-22-000123','{\"payload_keys\":[\"action\",\"id_number\"]}','::1','Mozilla/5.0 (Windows NT 10.0; Win64; x64) AppleWebKit/537.36 (KHTML, like Gecko) Chrome/140.0.0.0 Safari/537.36','2025-09-12 14:42:27'),(107,22,'auth.logout','user','22',NULL,'::1','Mozilla/5.0 (Windows NT 10.0; Win64; x64) AppleWebKit/537.36 (KHTML, like Gecko) Chrome/140.0.0.0 Safari/537.36','2025-09-12 14:51:19'),(108,22,'auth.login_success','user','22',NULL,'::1','Mozilla/5.0 (Windows NT 10.0; Win64; x64) AppleWebKit/537.36 (KHTML, like Gecko) Chrome/140.0.0.0 Safari/537.36','2025-09-12 14:51:26'),(109,22,'auth.logout','user','22',NULL,'::1','Mozilla/5.0 (Windows NT 10.0; Win64; x64) AppleWebKit/537.36 (KHTML, like Gecko) Chrome/140.0.0.0 Safari/537.36','2025-09-12 15:28:56'),(110,22,'auth.login_success','user','22',NULL,'::1','Mozilla/5.0 (Windows NT 10.0; Win64; x64) AppleWebKit/537.36 (KHTML, like Gecko) Chrome/140.0.0.0 Safari/537.36','2025-09-12 15:29:02'),(111,22,'auth.logout','user','22',NULL,'::1','Mozilla/5.0 (Windows NT 10.0; Win64; x64) AppleWebKit/537.36 (KHTML, like Gecko) Chrome/140.0.0.0 Safari/537.36','2025-09-12 15:29:26'),(112,22,'auth.login_success','user','22',NULL,'::1','Mozilla/5.0 (Windows NT 10.0; Win64; x64) AppleWebKit/537.36 (KHTML, like Gecko) Chrome/140.0.0.0 Safari/537.36','2025-09-12 15:29:32'),(113,22,'auth.logout','user','22',NULL,'::1','Mozilla/5.0 (Windows NT 10.0; Win64; x64) AppleWebKit/537.36 (KHTML, like Gecko) Chrome/140.0.0.0 Safari/537.36','2025-09-12 15:56:32'),(114,22,'auth.login_success','user','22',NULL,'::1','Mozilla/5.0 (Windows NT 10.0; Win64; x64) AppleWebKit/537.36 (KHTML, like Gecko) Chrome/140.0.0.0 Safari/537.36','2025-09-12 16:21:44'),(115,22,'user.unarchive','user','KLD-22-000123','{\"payload_keys\":[\"action\",\"id_number\"]}','::1','Mozilla/5.0 (Windows NT 10.0; Win64; x64) AppleWebKit/537.36 (KHTML, like Gecko) Chrome/140.0.0.0 Safari/537.36','2025-09-12 16:22:31'),(116,22,'auth.logout','user','22',NULL,'::1','Mozilla/5.0 (Windows NT 10.0; Win64; x64) AppleWebKit/537.36 (KHTML, like Gecko) Chrome/140.0.0.0 Safari/537.36','2025-09-12 16:23:24'),(117,20,'auth.login_success','user','20',NULL,'::1','Mozilla/5.0 (Windows NT 10.0; Win64; x64) AppleWebKit/537.36 (KHTML, like Gecko) Chrome/140.0.0.0 Safari/537.36','2025-09-12 16:23:35'),(118,20,'auth.logout','user','20',NULL,'::1','Mozilla/5.0 (Windows NT 10.0; Win64; x64) AppleWebKit/537.36 (KHTML, like Gecko) Chrome/140.0.0.0 Safari/537.36','2025-09-12 16:44:29'),(119,20,'auth.login_success','user','20',NULL,'::1','Mozilla/5.0 (Windows NT 10.0; Win64; x64) AppleWebKit/537.36 (KHTML, like Gecko) Chrome/140.0.0.0 Safari/537.36','2025-09-12 16:44:39'),(120,20,'auth.logout','user','20',NULL,'::1','Mozilla/5.0 (Windows NT 10.0; Win64; x64) AppleWebKit/537.36 (KHTML, like Gecko) Chrome/140.0.0.0 Safari/537.36','2025-09-12 16:55:20'),(121,22,'auth.login_success','user','22',NULL,'::1','Mozilla/5.0 (Windows NT 10.0; Win64; x64) AppleWebKit/537.36 (KHTML, like Gecko) Chrome/140.0.0.0 Safari/537.36','2025-09-12 16:55:30'),(122,22,'auth.logout','user','22',NULL,'::1','Mozilla/5.0 (Windows NT 10.0; Win64; x64) AppleWebKit/537.36 (KHTML, like Gecko) Chrome/140.0.0.0 Safari/537.36','2025-09-12 17:08:09'),(123,20,'auth.login_success','user','20',NULL,'::1','Mozilla/5.0 (Windows NT 10.0; Win64; x64) AppleWebKit/537.36 (KHTML, like Gecko) Chrome/140.0.0.0 Safari/537.36','2025-09-12 17:08:16'),(124,22,'auth.login_success','user','22',NULL,'::1','Mozilla/5.0 (Windows NT 10.0; Win64; x64) AppleWebKit/537.36 (KHTML, like Gecko) Chrome/140.0.0.0 Safari/537.36','2025-09-12 17:09:49'),(125,22,'auth.logout','user','22',NULL,'::1','Mozilla/5.0 (Windows NT 10.0; Win64; x64) AppleWebKit/537.36 (KHTML, like Gecko) Chrome/140.0.0.0 Safari/537.36','2025-09-12 22:36:19'),(126,20,'auth.logout','user','20',NULL,'::1','Mozilla/5.0 (Windows NT 10.0; Win64; x64) AppleWebKit/537.36 (KHTML, like Gecko) Chrome/140.0.0.0 Safari/537.36','2025-09-12 22:36:19'),(127,20,'auth.login_success','user','20',NULL,'::1','Mozilla/5.0 (Windows NT 10.0; Win64; x64) AppleWebKit/537.36 (KHTML, like Gecko) Chrome/140.0.0.0 Safari/537.36','2025-09-12 22:38:28'),(128,22,'auth.login_success','user','22',NULL,'::1','Mozilla/5.0 (Windows NT 10.0; Win64; x64) AppleWebKit/537.36 (KHTML, like Gecko) Chrome/140.0.0.0 Safari/537.36','2025-09-12 22:56:57'),(129,20,'auth.logout','user','20',NULL,'::1','Mozilla/5.0 (Windows NT 10.0; Win64; x64) AppleWebKit/537.36 (KHTML, like Gecko) Chrome/140.0.0.0 Safari/537.36','2025-09-12 23:16:30'),(130,20,'auth.login_success','user','20',NULL,'::1','Mozilla/5.0 (Windows NT 10.0; Win64; x64) AppleWebKit/537.36 (KHTML, like Gecko) Chrome/140.0.0.0 Safari/537.36','2025-09-12 23:16:37'),(131,20,'auth.logout','user','20',NULL,'::1','Mozilla/5.0 (Windows NT 10.0; Win64; x64) AppleWebKit/537.36 (KHTML, like Gecko) Chrome/140.0.0.0 Safari/537.36','2025-09-12 23:16:51'),(132,20,'auth.login_success','user','20',NULL,'::1','Mozilla/5.0 (Windows NT 10.0; Win64; x64) AppleWebKit/537.36 (KHTML, like Gecko) Chrome/140.0.0.0 Safari/537.36','2025-09-12 23:17:01'),(133,20,'auth.logout','user','20',NULL,'::1','Mozilla/5.0 (Windows NT 10.0; Win64; x64) AppleWebKit/537.36 (KHTML, like Gecko) Chrome/140.0.0.0 Safari/537.36','2025-09-12 23:20:16'),(134,20,'auth.login_success','user','20',NULL,'::1','Mozilla/5.0 (Windows NT 10.0; Win64; x64) AppleWebKit/537.36 (KHTML, like Gecko) Chrome/140.0.0.0 Safari/537.36','2025-09-12 23:20:22'),(135,20,'auth.logout','user','20',NULL,'::1','Mozilla/5.0 (Windows NT 10.0; Win64; x64) AppleWebKit/537.36 (KHTML, like Gecko) Chrome/140.0.0.0 Safari/537.36','2025-09-12 23:20:39'),(136,20,'auth.login_success','user','20',NULL,'::1','Mozilla/5.0 (Windows NT 10.0; Win64; x64) AppleWebKit/537.36 (KHTML, like Gecko) Chrome/140.0.0.0 Safari/537.36','2025-09-12 23:20:47'),(137,22,'auth.logout','user','22',NULL,'::1','Mozilla/5.0 (Windows NT 10.0; Win64; x64) AppleWebKit/537.36 (KHTML, like Gecko) Chrome/140.0.0.0 Safari/537.36','2025-09-12 23:21:19'),(138,22,'auth.login_success','user','22',NULL,'::1','Mozilla/5.0 (Windows NT 10.0; Win64; x64) AppleWebKit/537.36 (KHTML, like Gecko) Chrome/140.0.0.0 Safari/537.36','2025-09-12 23:21:24'),(139,22,'auth.logout','user','22',NULL,'::1','Mozilla/5.0 (Windows NT 10.0; Win64; x64) AppleWebKit/537.36 (KHTML, like Gecko) Chrome/140.0.0.0 Safari/537.36','2025-09-12 23:21:39'),(140,22,'auth.login_success','user','22',NULL,'::1','Mozilla/5.0 (Windows NT 10.0; Win64; x64) AppleWebKit/537.36 (KHTML, like Gecko) Chrome/140.0.0.0 Safari/537.36','2025-09-12 23:21:45'),(141,20,'auth.logout','user','20',NULL,'::1','Mozilla/5.0 (Windows NT 10.0; Win64; x64) AppleWebKit/537.36 (KHTML, like Gecko) Chrome/140.0.0.0 Safari/537.36','2025-09-12 23:22:13'),(142,21,'auth.login_success','user','21',NULL,'::1','Mozilla/5.0 (Windows NT 10.0; Win64; x64) AppleWebKit/537.36 (KHTML, like Gecko) Chrome/140.0.0.0 Safari/537.36','2025-09-12 23:22:21'),(143,21,'auth.logout','user','21',NULL,'::1','Mozilla/5.0 (Windows NT 10.0; Win64; x64) AppleWebKit/537.36 (KHTML, like Gecko) Chrome/140.0.0.0 Safari/537.36','2025-09-12 23:48:56'),(144,21,'auth.login_success','user','21',NULL,'::1','Mozilla/5.0 (Windows NT 10.0; Win64; x64) AppleWebKit/537.36 (KHTML, like Gecko) Chrome/140.0.0.0 Safari/537.36','2025-09-12 23:49:06'),(145,21,'auth.logout','user','21',NULL,'::1','Mozilla/5.0 (Windows NT 10.0; Win64; x64) AppleWebKit/537.36 (KHTML, like Gecko) Chrome/140.0.0.0 Safari/537.36','2025-09-13 02:44:09'),(146,22,'auth.login_success','user','22',NULL,'::1','Mozilla/5.0 (Windows NT 10.0; Win64; x64) AppleWebKit/537.36 (KHTML, like Gecko) Chrome/140.0.0.0 Safari/537.36','2025-09-13 02:56:55'),(147,22,'auth.logout','user','22',NULL,'::1','Mozilla/5.0 (Windows NT 10.0; Win64; x64) AppleWebKit/537.36 (KHTML, like Gecko) Chrome/140.0.0.0 Safari/537.36','2025-09-13 03:04:31'),(148,21,'auth.login_success','user','21',NULL,'::1','Mozilla/5.0 (Windows NT 10.0; Win64; x64) AppleWebKit/537.36 (KHTML, like Gecko) Chrome/140.0.0.0 Safari/537.36','2025-09-13 03:04:38'),(149,82,'auth.logout','user','82',NULL,'::1','Mozilla/5.0 (Windows NT 10.0; Win64; x64) AppleWebKit/537.36 (KHTML, like Gecko) Chrome/140.0.0.0 Safari/537.36','2025-09-13 03:14:19'),(150,82,'auth.login_success','user','82',NULL,'::1','Mozilla/5.0 (Windows NT 10.0; Win64; x64) AppleWebKit/537.36 (KHTML, like Gecko) Chrome/140.0.0.0 Safari/537.36','2025-09-13 03:14:25'),(151,21,'auth.logout','user','21',NULL,'::1','Mozilla/5.0 (Windows NT 10.0; Win64; x64) AppleWebKit/537.36 (KHTML, like Gecko) Chrome/140.0.0.0 Safari/537.36','2025-09-13 07:19:41'),(152,82,'auth.logout','user','82',NULL,'::1','Mozilla/5.0 (Windows NT 10.0; Win64; x64) AppleWebKit/537.36 (KHTML, like Gecko) Chrome/140.0.0.0 Safari/537.36','2025-09-13 07:19:41'),(153,1,'auth.logout','user','1',NULL,'::1','Mozilla/5.0 (Windows NT 10.0; Win64; x64) AppleWebKit/537.36 (KHTML, like Gecko) Chrome/140.0.0.0 Safari/537.36','2025-09-14 05:00:29'),(154,82,'auth.logout','user','82',NULL,'::1','Mozilla/5.0 (Windows NT 10.0; Win64; x64) AppleWebKit/537.36 (KHTML, like Gecko) Chrome/140.0.0.0 Safari/537.36','2025-09-14 05:03:56'),(155,22,'auth.login_success','user','22',NULL,'::1','Mozilla/5.0 (Windows NT 10.0; Win64; x64) AppleWebKit/537.36 (KHTML, like Gecko) Chrome/140.0.0.0 Safari/537.36','2025-09-14 05:05:51'),(156,22,'auth.logout','user','22',NULL,'::1','Mozilla/5.0 (Windows NT 10.0; Win64; x64) AppleWebKit/537.36 (KHTML, like Gecko) Chrome/140.0.0.0 Safari/537.36','2025-09-14 05:06:34'),(157,20,'auth.login_success','user','20',NULL,'::1','Mozilla/5.0 (Windows NT 10.0; Win64; x64) AppleWebKit/537.36 (KHTML, like Gecko) Chrome/140.0.0.0 Safari/537.36','2025-09-14 05:06:45'),(158,20,'auth.logout','user','20',NULL,'::1','Mozilla/5.0 (Windows NT 10.0; Win64; x64) AppleWebKit/537.36 (KHTML, like Gecko) Chrome/140.0.0.0 Safari/537.36','2025-09-14 05:07:05'),(159,21,'auth.login_success','user','21',NULL,'::1','Mozilla/5.0 (Windows NT 10.0; Win64; x64) AppleWebKit/537.36 (KHTML, like Gecko) Chrome/140.0.0.0 Safari/537.36','2025-09-14 05:07:13'),(160,21,'auth.logout','user','21',NULL,'::1','Mozilla/5.0 (Windows NT 10.0; Win64; x64) AppleWebKit/537.36 (KHTML, like Gecko) Chrome/140.0.0.0 Safari/537.36','2025-09-14 05:08:11'),(161,20,'auth.login_success','user','20',NULL,'::1','Mozilla/5.0 (Windows NT 10.0; Win64; x64) AppleWebKit/537.36 (KHTML, like Gecko) Chrome/140.0.0.0 Safari/537.36','2025-09-14 05:08:21'),(162,82,'auth.logout','user','82',NULL,'::1','Mozilla/5.0 (Windows NT 10.0; Win64; x64) AppleWebKit/537.36 (KHTML, like Gecko) Chrome/140.0.0.0 Safari/537.36','2025-09-14 05:08:53'),(163,21,'auth.login_success','user','21',NULL,'::1','Mozilla/5.0 (Windows NT 10.0; Win64; x64) AppleWebKit/537.36 (KHTML, like Gecko) Chrome/140.0.0.0 Safari/537.36','2025-09-14 05:09:05'),(164,21,'auth.logout','user','21',NULL,'::1','Mozilla/5.0 (Windows NT 10.0; Win64; x64) AppleWebKit/537.36 (KHTML, like Gecko) Chrome/140.0.0.0 Safari/537.36','2025-09-14 05:15:09'),(165,22,'auth.login_success','user','22',NULL,'::1','Mozilla/5.0 (Windows NT 10.0; Win64; x64) AppleWebKit/537.36 (KHTML, like Gecko) Chrome/140.0.0.0 Safari/537.36','2025-09-14 05:15:17'),(166,1,'auth.logout','user','1',NULL,'::1','Mozilla/5.0 (Windows NT 10.0; Win64; x64) AppleWebKit/537.36 (KHTML, like Gecko) Chrome/140.0.0.0 Safari/537.36','2025-09-14 05:17:26'),(167,20,'auth.logout','user','20',NULL,'::1','Mozilla/5.0 (Windows NT 10.0; Win64; x64) AppleWebKit/537.36 (KHTML, like Gecko) Chrome/140.0.0.0 Safari/537.36','2025-09-14 05:20:24'),(168,20,'auth.login_success','user','20',NULL,'::1','Mozilla/5.0 (Windows NT 10.0; Win64; x64) AppleWebKit/537.36 (KHTML, like Gecko) Chrome/140.0.0.0 Safari/537.36','2025-09-14 05:20:31'),(169,82,'auth.logout','user','82',NULL,'::1','Mozilla/5.0 (Windows NT 10.0; Win64; x64) AppleWebKit/537.36 (KHTML, like Gecko) Chrome/140.0.0.0 Safari/537.36','2025-09-14 05:21:01'),(170,22,'auth.login_success','user','22',NULL,'::1','Mozilla/5.0 (Windows NT 10.0; Win64; x64) AppleWebKit/537.36 (KHTML, like Gecko) Chrome/140.0.0.0 Safari/537.36','2025-09-14 05:21:08'),(171,20,'auth.logout','user','20',NULL,'::1','Mozilla/5.0 (Windows NT 10.0; Win64; x64) AppleWebKit/537.36 (KHTML, like Gecko) Chrome/140.0.0.0 Safari/537.36','2025-09-14 05:29:08'),(172,21,'auth.login_success','user','21',NULL,'::1','Mozilla/5.0 (Windows NT 10.0; Win64; x64) AppleWebKit/537.36 (KHTML, like Gecko) Chrome/140.0.0.0 Safari/537.36','2025-09-14 05:29:19'),(173,21,'auth.logout','user','21',NULL,'::1','Mozilla/5.0 (Windows NT 10.0; Win64; x64) AppleWebKit/537.36 (KHTML, like Gecko) Chrome/140.0.0.0 Safari/537.36','2025-09-14 05:29:38'),(174,22,'auth.logout','user','22',NULL,'::1','Mozilla/5.0 (Windows NT 10.0; Win64; x64) AppleWebKit/537.36 (KHTML, like Gecko) Chrome/140.0.0.0 Safari/537.36','2025-09-14 05:30:58'),(175,22,'auth.login_success','user','22',NULL,'::1','Mozilla/5.0 (Windows NT 10.0; Win64; x64) AppleWebKit/537.36 (KHTML, like Gecko) Chrome/140.0.0.0 Safari/537.36','2025-09-14 05:31:27'),(176,22,'auth.logout','user','22',NULL,'::1','Mozilla/5.0 (Windows NT 10.0; Win64; x64) AppleWebKit/537.36 (KHTML, like Gecko) Chrome/140.0.0.0 Safari/537.36','2025-09-14 05:31:43'),(177,22,'auth.login_success','user','22',NULL,'::1','Mozilla/5.0 (Windows NT 10.0; Win64; x64) AppleWebKit/537.36 (KHTML, like Gecko) Chrome/140.0.0.0 Safari/537.36','2025-09-14 05:31:48'),(178,22,'auth.login_success','user','22',NULL,'::1','Mozilla/5.0 (Windows NT 10.0; Win64; x64) AppleWebKit/537.36 (KHTML, like Gecko) Chrome/140.0.0.0 Safari/537.36','2025-09-14 06:01:54'),(179,82,'auth.logout','user','82',NULL,'::1','Mozilla/5.0 (Windows NT 10.0; Win64; x64) AppleWebKit/537.36 (KHTML, like Gecko) Chrome/140.0.0.0 Safari/537.36','2025-09-14 06:17:46'),(180,20,'auth.login_success','user','20',NULL,'::1','Mozilla/5.0 (Windows NT 10.0; Win64; x64) AppleWebKit/537.36 (KHTML, like Gecko) Chrome/140.0.0.0 Safari/537.36','2025-09-14 06:17:55'),(181,20,'auth.logout','user','20',NULL,'::1','Mozilla/5.0 (Windows NT 10.0; Win64; x64) AppleWebKit/537.36 (KHTML, like Gecko) Chrome/140.0.0.0 Safari/537.36','2025-09-14 06:18:24'),(182,21,'auth.login_success','user','21',NULL,'::1','Mozilla/5.0 (Windows NT 10.0; Win64; x64) AppleWebKit/537.36 (KHTML, like Gecko) Chrome/140.0.0.0 Safari/537.36','2025-09-14 06:18:34'),(183,21,'auth.logout','user','21',NULL,'::1','Mozilla/5.0 (Windows NT 10.0; Win64; x64) AppleWebKit/537.36 (KHTML, like Gecko) Chrome/140.0.0.0 Safari/537.36','2025-09-14 06:19:30'),(184,20,'auth.login_success','user','20',NULL,'::1','Mozilla/5.0 (Windows NT 10.0; Win64; x64) AppleWebKit/537.36 (KHTML, like Gecko) Chrome/140.0.0.0 Safari/537.36','2025-09-14 06:19:38'),(185,20,'auth.logout','user','20',NULL,'::1','Mozilla/5.0 (Windows NT 10.0; Win64; x64) AppleWebKit/537.36 (KHTML, like Gecko) Chrome/140.0.0.0 Safari/537.36','2025-09-14 06:31:11'),(186,20,'auth.login_success','user','20',NULL,'::1','Mozilla/5.0 (Windows NT 10.0; Win64; x64) AppleWebKit/537.36 (KHTML, like Gecko) Chrome/140.0.0.0 Safari/537.36','2025-09-14 06:31:23'),(187,22,'auth.logout','user','22',NULL,'::1','Mozilla/5.0 (Windows NT 10.0; Win64; x64) AppleWebKit/537.36 (KHTML, like Gecko) Chrome/140.0.0.0 Safari/537.36','2025-09-14 06:32:18'),(188,21,'auth.login_success','user','21',NULL,'::1','Mozilla/5.0 (Windows NT 10.0; Win64; x64) AppleWebKit/537.36 (KHTML, like Gecko) Chrome/140.0.0.0 Safari/537.36','2025-09-14 06:32:28'),(189,21,'auth.logout','user','21',NULL,'::1','Mozilla/5.0 (Windows NT 10.0; Win64; x64) AppleWebKit/537.36 (KHTML, like Gecko) Chrome/140.0.0.0 Safari/537.36','2025-09-14 06:39:06'),(190,20,'auth.login_success','user','20',NULL,'::1','Mozilla/5.0 (Windows NT 10.0; Win64; x64) AppleWebKit/537.36 (KHTML, like Gecko) Chrome/140.0.0.0 Safari/537.36','2025-09-14 06:39:16'),(191,1,'auth.logout','user','1',NULL,'::1','Mozilla/5.0 (Windows NT 10.0; Win64; x64) AppleWebKit/537.36 (KHTML, like Gecko) Chrome/140.0.0.0 Safari/537.36','2025-09-14 06:39:30'),(192,22,'auth.login_success','user','22',NULL,'::1','Mozilla/5.0 (Windows NT 10.0; Win64; x64) AppleWebKit/537.36 (KHTML, like Gecko) Chrome/140.0.0.0 Safari/537.36','2025-09-14 06:39:37'),(193,22,'auth.logout','user','22',NULL,'::1','Mozilla/5.0 (Windows NT 10.0; Win64; x64) AppleWebKit/537.36 (KHTML, like Gecko) Chrome/140.0.0.0 Safari/537.36','2025-09-14 06:40:17'),(194,21,'auth.login_success','user','21',NULL,'::1','Mozilla/5.0 (Windows NT 10.0; Win64; x64) AppleWebKit/537.36 (KHTML, like Gecko) Chrome/140.0.0.0 Safari/537.36','2025-09-14 06:40:26'),(195,21,'auth.logout','user','21',NULL,'::1','Mozilla/5.0 (Windows NT 10.0; Win64; x64) AppleWebKit/537.36 (KHTML, like Gecko) Chrome/140.0.0.0 Safari/537.36','2025-09-14 06:41:02'),(196,22,'auth.login_success','user','22',NULL,'::1','Mozilla/5.0 (Windows NT 10.0; Win64; x64) AppleWebKit/537.36 (KHTML, like Gecko) Chrome/140.0.0.0 Safari/537.36','2025-09-14 06:41:18'),(197,1,'auth.logout','user','1',NULL,'::1','Mozilla/5.0 (Windows NT 10.0; Win64; x64) AppleWebKit/537.36 (KHTML, like Gecko) Chrome/140.0.0.0 Safari/537.36','2025-09-14 06:49:05'),(198,20,'auth.login_success','user','20',NULL,'::1','Mozilla/5.0 (Windows NT 10.0; Win64; x64) AppleWebKit/537.36 (KHTML, like Gecko) Chrome/140.0.0.0 Safari/537.36','2025-09-14 06:49:53'),(199,20,'auth.logout','user','20',NULL,'::1','Mozilla/5.0 (Windows NT 10.0; Win64; x64) AppleWebKit/537.36 (KHTML, like Gecko) Chrome/140.0.0.0 Safari/537.36','2025-09-14 06:50:12'),(200,21,'auth.login_success','user','21',NULL,'::1','Mozilla/5.0 (Windows NT 10.0; Win64; x64) AppleWebKit/537.36 (KHTML, like Gecko) Chrome/140.0.0.0 Safari/537.36','2025-09-14 06:50:27'),(201,21,'auth.logout','user','21',NULL,'::1','Mozilla/5.0 (Windows NT 10.0; Win64; x64) AppleWebKit/537.36 (KHTML, like Gecko) Chrome/140.0.0.0 Safari/537.36','2025-09-14 06:50:36'),(202,22,'auth.login_success','user','22',NULL,'::1','Mozilla/5.0 (Windows NT 10.0; Win64; x64) AppleWebKit/537.36 (KHTML, like Gecko) Chrome/140.0.0.0 Safari/537.36','2025-09-14 06:50:46'),(203,22,'auth.login_success','user','22',NULL,'::1','Mozilla/5.0 (Windows NT 10.0; Win64; x64) AppleWebKit/537.36 (KHTML, like Gecko) Chrome/140.0.0.0 Safari/537.36','2025-09-14 07:15:26'),(204,22,'auth.logout','user','22',NULL,'::1','Mozilla/5.0 (Windows NT 10.0; Win64; x64) AppleWebKit/537.36 (KHTML, like Gecko) Chrome/140.0.0.0 Safari/537.36','2025-09-14 11:50:31'),(205,20,'auth.logout','user','20',NULL,'::1','Mozilla/5.0 (Windows NT 10.0; Win64; x64) AppleWebKit/537.36 (KHTML, like Gecko) Chrome/140.0.0.0 Safari/537.36','2025-09-14 11:50:31'),(206,20,'auth.login_success','user','20',NULL,'::1','Mozilla/5.0 (Windows NT 10.0; Win64; x64) AppleWebKit/537.36 (KHTML, like Gecko) Chrome/140.0.0.0 Safari/537.36','2025-09-14 20:44:24'),(207,22,'auth.login_success','user','22',NULL,'::1','Mozilla/5.0 (Windows NT 10.0; Win64; x64) AppleWebKit/537.36 (KHTML, like Gecko) Chrome/140.0.0.0 Safari/537.36','2025-09-14 20:53:55'),(208,22,'auth.login_success','user','22',NULL,'::1','Mozilla/5.0 (Windows NT 10.0; Win64; x64) AppleWebKit/537.36 (KHTML, like Gecko) Chrome/140.0.0.0 Safari/537.36','2025-09-14 21:18:46'),(209,1,'auth.logout','user','1',NULL,'::1','Mozilla/5.0 (Windows NT 10.0; Win64; x64) AppleWebKit/537.36 (KHTML, like Gecko) Chrome/140.0.0.0 Safari/537.36','2025-09-14 21:47:58'),(210,20,'auth.login_success','user','20',NULL,'::1','Mozilla/5.0 (Windows NT 10.0; Win64; x64) AppleWebKit/537.36 (KHTML, like Gecko) Chrome/140.0.0.0 Safari/537.36','2025-09-14 21:48:04'),(211,1,'auth.logout','user','1',NULL,'::1','Mozilla/5.0 (Windows NT 10.0; Win64; x64) AppleWebKit/537.36 (KHTML, like Gecko) Chrome/140.0.0.0 Safari/537.36','2025-09-14 21:52:34'),(212,20,'auth.login_success','user','20',NULL,'::1','Mozilla/5.0 (Windows NT 10.0; Win64; x64) AppleWebKit/537.36 (KHTML, like Gecko) Chrome/140.0.0.0 Safari/537.36','2025-09-14 21:53:01'),(213,22,'auth.logout','user','22',NULL,'::1','Mozilla/5.0 (Windows NT 10.0; Win64; x64) AppleWebKit/537.36 (KHTML, like Gecko) Chrome/140.0.0.0 Safari/537.36','2025-09-14 23:16:35'),(214,21,'auth.login_success','user','21',NULL,'::1','Mozilla/5.0 (Windows NT 10.0; Win64; x64) AppleWebKit/537.36 (KHTML, like Gecko) Chrome/140.0.0.0 Safari/537.36','2025-09-14 23:16:44'),(215,22,'auth.login_success','user','22',NULL,'::1','Mozilla/5.0 (Windows NT 10.0; Win64; x64) AppleWebKit/537.36 (KHTML, like Gecko) Chrome/140.0.0.0 Safari/537.36','2025-09-15 22:57:04'),(216,22,'auth.login_success','user','22',NULL,'::1','Mozilla/5.0 (Windows NT 10.0; Win64; x64) AppleWebKit/537.36 (KHTML, like Gecko) Chrome/140.0.0.0 Safari/537.36','2025-09-15 23:58:38'),(217,22,'auth.logout','user','22',NULL,'::1','Mozilla/5.0 (Windows NT 10.0; Win64; x64) AppleWebKit/537.36 (KHTML, like Gecko) Chrome/140.0.0.0 Safari/537.36','2025-09-16 00:46:40'),(218,22,'auth.login_success','user','22',NULL,'::1','Mozilla/5.0 (Windows NT 10.0; Win64; x64) AppleWebKit/537.36 (KHTML, like Gecko) Chrome/140.0.0.0 Safari/537.36','2025-09-16 03:29:09'),(219,22,'user.archive','user','KLD-22-000123','{\"payload_keys\":[\"action\",\"id_number\"]}','::1','Mozilla/5.0 (Windows NT 10.0; Win64; x64) AppleWebKit/537.36 (KHTML, like Gecko) Chrome/140.0.0.0 Safari/537.36','2025-09-16 03:29:24'),(220,22,'user.unarchive','user','KLD-22-000123','{\"payload_keys\":[\"action\",\"id_number\"]}','::1','Mozilla/5.0 (Windows NT 10.0; Win64; x64) AppleWebKit/537.36 (KHTML, like Gecko) Chrome/140.0.0.0 Safari/537.36','2025-09-16 03:29:27'),(221,22,'auth.logout','user','22',NULL,'::1','Mozilla/5.0 (Windows NT 10.0; Win64; x64) AppleWebKit/537.36 (KHTML, like Gecko) Chrome/140.0.0.0 Safari/537.36','2025-09-16 04:07:17'),(222,20,'auth.logout','user','20',NULL,'::1','Mozilla/5.0 (Windows NT 10.0; Win64; x64) AppleWebKit/537.36 (KHTML, like Gecko) Chrome/140.0.0.0 Safari/537.36','2025-09-16 13:51:14'),(223,20,'auth.login_success','user','20',NULL,'::1','Mozilla/5.0 (Windows NT 10.0; Win64; x64) AppleWebKit/537.36 (KHTML, like Gecko) Chrome/140.0.0.0 Safari/537.36','2025-09-16 13:51:25'),(224,22,'auth.login_success','user','22',NULL,'::1','Mozilla/5.0 (Windows NT 10.0; Win64; x64) AppleWebKit/537.36 (KHTML, like Gecko) Chrome/140.0.0.0 Safari/537.36','2025-09-16 14:08:02'),(225,22,'user.archive','user','KLD-22-000123','{\"payload_keys\":[\"action\",\"id_number\"]}','::1','Mozilla/5.0 (Windows NT 10.0; Win64; x64) AppleWebKit/537.36 (KHTML, like Gecko) Chrome/140.0.0.0 Safari/537.36','2025-09-16 14:08:16'),(226,22,'user.unarchive','user','KLD-22-000123','{\"payload_keys\":[\"action\",\"id_number\"]}','::1','Mozilla/5.0 (Windows NT 10.0; Win64; x64) AppleWebKit/537.36 (KHTML, like Gecko) Chrome/140.0.0.0 Safari/537.36','2025-09-16 14:08:18'),(227,22,'auth.logout','user','22',NULL,'::1','Mozilla/5.0 (Windows NT 10.0; Win64; x64) AppleWebKit/537.36 (KHTML, like Gecko) Chrome/140.0.0.0 Safari/537.36','2025-09-16 14:08:47'),(228,21,'auth.login_success','user','21',NULL,'::1','Mozilla/5.0 (Windows NT 10.0; Win64; x64) AppleWebKit/537.36 (KHTML, like Gecko) Chrome/140.0.0.0 Safari/537.36','2025-09-16 14:08:53'),(229,21,'auth.logout','user','21',NULL,'::1','Mozilla/5.0 (Windows NT 10.0; Win64; x64) AppleWebKit/537.36 (KHTML, like Gecko) Chrome/140.0.0.0 Safari/537.36','2025-09-16 14:09:27'),(230,20,'auth.logout','user','20',NULL,'::1','Mozilla/5.0 (Windows NT 10.0; Win64; x64) AppleWebKit/537.36 (KHTML, like Gecko) Chrome/140.0.0.0 Safari/537.36','2025-09-16 14:09:35'),(231,22,'auth.login_success','user','22',NULL,'::1','Mozilla/5.0 (Windows NT 10.0; Win64; x64) AppleWebKit/537.36 (KHTML, like Gecko) Chrome/140.0.0.0 Safari/537.36','2025-09-16 14:18:35'),(232,22,'auth.logout','user','22',NULL,'::1','Mozilla/5.0 (Windows NT 10.0; Win64; x64) AppleWebKit/537.36 (KHTML, like Gecko) Chrome/140.0.0.0 Safari/537.36','2025-09-16 14:19:03'),(233,20,'auth.login_success','user','20',NULL,'::1','Mozilla/5.0 (Windows NT 10.0; Win64; x64) AppleWebKit/537.36 (KHTML, like Gecko) Chrome/140.0.0.0 Safari/537.36','2025-09-16 14:19:13'),(234,20,'auth.logout','user','20',NULL,'::1','Mozilla/5.0 (Windows NT 10.0; Win64; x64) AppleWebKit/537.36 (KHTML, like Gecko) Chrome/140.0.0.0 Safari/537.36','2025-09-16 14:20:15'),(235,21,'auth.login_success','user','21',NULL,'::1','Mozilla/5.0 (Windows NT 10.0; Win64; x64) AppleWebKit/537.36 (KHTML, like Gecko) Chrome/140.0.0.0 Safari/537.36','2025-09-16 14:20:22'),(236,21,'auth.logout','user','21',NULL,'::1','Mozilla/5.0 (Windows NT 10.0; Win64; x64) AppleWebKit/537.36 (KHTML, like Gecko) Chrome/140.0.0.0 Safari/537.36','2025-09-16 14:21:38'),(237,20,'auth.login_success','user','20',NULL,'::1','Mozilla/5.0 (Windows NT 10.0; Win64; x64) AppleWebKit/537.36 (KHTML, like Gecko) Chrome/140.0.0.0 Safari/537.36','2025-09-16 14:22:05'),(238,20,'auth.logout','user','20',NULL,'::1','Mozilla/5.0 (Windows NT 10.0; Win64; x64) AppleWebKit/537.36 (KHTML, like Gecko) Chrome/140.0.0.0 Safari/537.36','2025-09-16 14:22:46'),(239,82,'auth.logout','user','82',NULL,'::1','Mozilla/5.0 (Windows NT 10.0; Win64; x64) AppleWebKit/537.36 (KHTML, like Gecko) Chrome/140.0.0.0 Safari/537.36','2025-09-16 15:29:24'),(240,22,'auth.login_success','user','22',NULL,'::1','Mozilla/5.0 (Windows NT 10.0; Win64; x64) AppleWebKit/537.36 (KHTML, like Gecko) Chrome/140.0.0.0 Safari/537.36','2025-09-16 15:57:18'),(241,22,'auth.login_success','user','22',NULL,'::1','Mozilla/5.0 (Windows NT 10.0; Win64; x64) AppleWebKit/537.36 (KHTML, like Gecko) Chrome/140.0.0.0 Safari/537.36','2025-09-16 16:38:56'),(242,22,'auth.logout','user','22',NULL,'::1','Mozilla/5.0 (Windows NT 10.0; Win64; x64) AppleWebKit/537.36 (KHTML, like Gecko) Chrome/140.0.0.0 Safari/537.36','2025-09-16 21:17:11'),(243,82,'auth.logout','user','82',NULL,'::1','Mozilla/5.0 (Windows NT 10.0; Win64; x64) AppleWebKit/537.36 (KHTML, like Gecko) Chrome/140.0.0.0 Safari/537.36','2025-09-16 21:17:11'),(244,22,'auth.login_success','user','22',NULL,'::1','Mozilla/5.0 (Windows NT 10.0; Win64; x64) AppleWebKit/537.36 (KHTML, like Gecko) Chrome/140.0.0.0 Safari/537.36','2025-09-16 21:18:26'),(245,82,'auth.login_success','user','82',NULL,'::1','Mozilla/5.0 (Windows NT 10.0; Win64; x64) AppleWebKit/537.36 (KHTML, like Gecko) Chrome/140.0.0.0 Safari/537.36','2025-09-16 21:18:46'),(246,22,'auth.logout','user','22',NULL,'::1','Mozilla/5.0 (Windows NT 10.0; Win64; x64) AppleWebKit/537.36 (KHTML, like Gecko) Chrome/140.0.0.0 Safari/537.36','2025-09-16 21:21:29'),(247,20,'auth.login_success','user','20',NULL,'::1','Mozilla/5.0 (Windows NT 10.0; Win64; x64) AppleWebKit/537.36 (KHTML, like Gecko) Chrome/140.0.0.0 Safari/537.36','2025-09-16 21:21:38'),(248,82,'auth.logout','user','82',NULL,'::1','Mozilla/5.0 (Windows NT 10.0; Win64; x64) AppleWebKit/537.36 (KHTML, like Gecko) Chrome/140.0.0.0 Safari/537.36','2025-09-16 21:28:51'),(249,20,'auth.logout','user','20',NULL,'::1','Mozilla/5.0 (Windows NT 10.0; Win64; x64) AppleWebKit/537.36 (KHTML, like Gecko) Chrome/140.0.0.0 Safari/537.36','2025-09-16 21:39:15'),(250,21,'auth.login_success','user','21',NULL,'::1','Mozilla/5.0 (Windows NT 10.0; Win64; x64) AppleWebKit/537.36 (KHTML, like Gecko) Chrome/140.0.0.0 Safari/537.36','2025-09-16 21:39:23'),(251,21,'auth.logout','user','21',NULL,'::1','Mozilla/5.0 (Windows NT 10.0; Win64; x64) AppleWebKit/537.36 (KHTML, like Gecko) Chrome/140.0.0.0 Safari/537.36','2025-09-16 22:05:24'),(252,82,'auth.logout','user','82',NULL,'::1','Mozilla/5.0 (Windows NT 10.0; Win64; x64) AppleWebKit/537.36 (KHTML, like Gecko) Chrome/140.0.0.0 Safari/537.36','2025-09-16 22:05:24'),(253,21,'auth.login_success','user','21',NULL,'::1','Mozilla/5.0 (Windows NT 10.0; Win64; x64) AppleWebKit/537.36 (KHTML, like Gecko) Chrome/140.0.0.0 Safari/537.36','2025-09-17 00:24:10'),(254,21,'auth.logout','user','21',NULL,'::1','Mozilla/5.0 (Windows NT 10.0; Win64; x64) AppleWebKit/537.36 (KHTML, like Gecko) Chrome/140.0.0.0 Safari/537.36','2025-09-17 01:03:57'),(255,22,'auth.login_success','user','22',NULL,'::1','Mozilla/5.0 (Windows NT 10.0; Win64; x64) AppleWebKit/537.36 (KHTML, like Gecko) Chrome/140.0.0.0 Safari/537.36','2025-09-17 01:04:02'),(256,22,'auth.logout','user','22',NULL,'::1','Mozilla/5.0 (Windows NT 10.0; Win64; x64) AppleWebKit/537.36 (KHTML, like Gecko) Chrome/140.0.0.0 Safari/537.36','2025-09-17 01:04:09'),(257,21,'auth.login_success','user','21',NULL,'::1','Mozilla/5.0 (Windows NT 10.0; Win64; x64) AppleWebKit/537.36 (KHTML, like Gecko) Chrome/140.0.0.0 Safari/537.36','2025-09-17 01:04:15'),(258,82,'auth.logout','user','82',NULL,'::1','Mozilla/5.0 (Windows NT 10.0; Win64; x64) AppleWebKit/537.36 (KHTML, like Gecko) Chrome/140.0.0.0 Safari/537.36','2025-09-17 01:15:54'),(259,20,'auth.login_success','user','20',NULL,'::1','Mozilla/5.0 (Windows NT 10.0; Win64; x64) AppleWebKit/537.36 (KHTML, like Gecko) Chrome/140.0.0.0 Safari/537.36','2025-09-17 01:16:10'),(260,20,'auth.logout','user','20',NULL,'::1','Mozilla/5.0 (Windows NT 10.0; Win64; x64) AppleWebKit/537.36 (KHTML, like Gecko) Chrome/140.0.0.0 Safari/537.36','2025-09-17 01:44:44'),(261,21,'auth.login_success','user','21',NULL,'::1','Mozilla/5.0 (Windows NT 10.0; Win64; x64) AppleWebKit/537.36 (KHTML, like Gecko) Chrome/140.0.0.0 Safari/537.36','2025-09-17 01:44:52'),(262,82,'auth.login_success','user','82',NULL,'::1','Mozilla/5.0 (Windows NT 10.0; Win64; x64) AppleWebKit/537.36 (KHTML, like Gecko) Chrome/140.0.0.0 Safari/537.36','2025-09-17 01:50:43'),(263,82,'auth.logout','user','82',NULL,'::1','Mozilla/5.0 (Windows NT 10.0; Win64; x64) AppleWebKit/537.36 (KHTML, like Gecko) Chrome/140.0.0.0 Safari/537.36','2025-09-17 01:52:21'),(264,22,'auth.login_success','user','22',NULL,'::1','Mozilla/5.0 (Windows NT 10.0; Win64; x64) AppleWebKit/537.36 (KHTML, like Gecko) Chrome/140.0.0.0 Safari/537.36','2025-09-17 01:52:27'),(265,22,'auth.logout','user','22',NULL,'::1','Mozilla/5.0 (Windows NT 10.0; Win64; x64) AppleWebKit/537.36 (KHTML, like Gecko) Chrome/140.0.0.0 Safari/537.36','2025-09-17 01:52:55'),(266,20,'auth.login_success','user','20',NULL,'::1','Mozilla/5.0 (Windows NT 10.0; Win64; x64) AppleWebKit/537.36 (KHTML, like Gecko) Chrome/140.0.0.0 Safari/537.36','2025-09-17 01:53:02'),(267,20,'auth.logout','user','20',NULL,'::1','Mozilla/5.0 (Windows NT 10.0; Win64; x64) AppleWebKit/537.36 (KHTML, like Gecko) Chrome/140.0.0.0 Safari/537.36','2025-09-17 01:57:03'),(268,21,'auth.login_success','user','21',NULL,'::1','Mozilla/5.0 (Windows NT 10.0; Win64; x64) AppleWebKit/537.36 (KHTML, like Gecko) Chrome/140.0.0.0 Safari/537.36','2025-09-17 01:57:09'),(269,21,'auth.logout','user','21',NULL,'::1','Mozilla/5.0 (Windows NT 10.0; Win64; x64) AppleWebKit/537.36 (KHTML, like Gecko) Chrome/140.0.0.0 Safari/537.36','2025-09-17 02:04:24'),(270,21,'auth.login_success','user','21',NULL,'::1','Mozilla/5.0 (Windows NT 10.0; Win64; x64) AppleWebKit/537.36 (KHTML, like Gecko) Chrome/140.0.0.0 Safari/537.36','2025-09-17 02:04:31'),(271,21,'auth.logout','user','21',NULL,'::1','Mozilla/5.0 (Windows NT 10.0; Win64; x64) AppleWebKit/537.36 (KHTML, like Gecko) Chrome/140.0.0.0 Safari/537.36','2025-09-17 02:05:02'),(272,21,'auth.login_success','user','21',NULL,'::1','Mozilla/5.0 (Windows NT 10.0; Win64; x64) AppleWebKit/537.36 (KHTML, like Gecko) Chrome/140.0.0.0 Safari/537.36','2025-09-17 02:05:12'),(273,20,'auth.login_success','user','20',NULL,'::1','Mozilla/5.0 (Windows NT 10.0; Win64; x64) AppleWebKit/537.36 (KHTML, like Gecko) Chrome/140.0.0.0 Safari/537.36','2025-09-17 17:57:46'),(274,21,'auth.logout','user','21',NULL,'::1','Mozilla/5.0 (Windows NT 10.0; Win64; x64) AppleWebKit/537.36 (KHTML, like Gecko) Chrome/140.0.0.0 Safari/537.36','2025-09-17 18:28:23'),(275,20,'auth.logout','user','20',NULL,'::1','Mozilla/5.0 (Windows NT 10.0; Win64; x64) AppleWebKit/537.36 (KHTML, like Gecko) Chrome/140.0.0.0 Safari/537.36','2025-09-17 19:08:47'),(276,20,'auth.login_success','user','20',NULL,'::1','Mozilla/5.0 (Windows NT 10.0; Win64; x64) AppleWebKit/537.36 (KHTML, like Gecko) Chrome/140.0.0.0 Safari/537.36','2025-09-17 19:08:55'),(277,20,'auth.login_success','user','20',NULL,'::1','Mozilla/5.0 (Windows NT 10.0; Win64; x64) AppleWebKit/537.36 (KHTML, like Gecko) Chrome/140.0.0.0 Safari/537.36','2025-09-17 19:27:25'),(278,20,'auth.logout','user','20',NULL,'::1','Mozilla/5.0 (Windows NT 10.0; Win64; x64) AppleWebKit/537.36 (KHTML, like Gecko) Chrome/140.0.0.0 Safari/537.36','2025-09-17 21:52:15'),(279,20,'auth.login_success','user','20',NULL,'::1','Mozilla/5.0 (Windows NT 10.0; Win64; x64) AppleWebKit/537.36 (KHTML, like Gecko) Chrome/140.0.0.0 Safari/537.36','2025-09-17 22:00:45'),(280,20,'auth.logout','user','20',NULL,'::1','Mozilla/5.0 (Windows NT 10.0; Win64; x64) AppleWebKit/537.36 (KHTML, like Gecko) Chrome/140.0.0.0 Safari/537.36','2025-09-17 23:13:25'),(281,20,'auth.login_success','user','20',NULL,'::1','Mozilla/5.0 (Windows NT 10.0; Win64; x64) AppleWebKit/537.36 (KHTML, like Gecko) Chrome/140.0.0.0 Safari/537.36','2025-09-17 23:37:55'),(282,20,'material.create','lesson_material','13','{\"lesson_id\":\"21\"}','::1','Mozilla/5.0 (Windows NT 10.0; Win64; x64) AppleWebKit/537.36 (KHTML, like Gecko) Chrome/140.0.0.0 Safari/537.36','2025-09-17 23:38:14'),(283,20,'material.delete','lesson_material','13',NULL,'::1','Mozilla/5.0 (Windows NT 10.0; Win64; x64) AppleWebKit/537.36 (KHTML, like Gecko) Chrome/140.0.0.0 Safari/537.36','2025-09-17 23:38:23'),(284,20,'material.delete','lesson_material','13',NULL,'::1','Mozilla/5.0 (Windows NT 10.0; Win64; x64) AppleWebKit/537.36 (KHTML, like Gecko) Chrome/140.0.0.0 Safari/537.36','2025-09-17 23:38:24'),(285,20,'material.upload','lesson_material',NULL,'{\"lesson_id\":21,\"success\":true}','::1','Mozilla/5.0 (Windows NT 10.0; Win64; x64) AppleWebKit/537.36 (KHTML, like Gecko) Chrome/140.0.0.0 Safari/537.36','2025-09-17 23:44:20'),(286,20,'material.create','lesson_material','15','{\"lesson_id\":\"21\"}','::1','Mozilla/5.0 (Windows NT 10.0; Win64; x64) AppleWebKit/537.36 (KHTML, like Gecko) Chrome/140.0.0.0 Safari/537.36','2025-09-17 23:44:37'),(287,20,'material.delete','lesson_material','14',NULL,'::1','Mozilla/5.0 (Windows NT 10.0; Win64; x64) AppleWebKit/537.36 (KHTML, like Gecko) Chrome/140.0.0.0 Safari/537.36','2025-09-18 03:22:20'),(288,20,'material.upload','lesson_material',NULL,'{\"lesson_id\":21,\"success\":true}','::1','Mozilla/5.0 (Windows NT 10.0; Win64; x64) AppleWebKit/537.36 (KHTML, like Gecko) Chrome/140.0.0.0 Safari/537.36','2025-09-18 03:23:09'),(289,20,'material.upload','lesson_material',NULL,'{\"lesson_id\":22,\"success\":true}','::1','Mozilla/5.0 (Windows NT 10.0; Win64; x64) AppleWebKit/537.36 (KHTML, like Gecko) Chrome/140.0.0.0 Safari/537.36','2025-09-18 04:08:20'),(290,21,'auth.login_success','user','21',NULL,'::1','Mozilla/5.0 (Windows NT 10.0; Win64; x64) AppleWebKit/537.36 (KHTML, like Gecko) Chrome/140.0.0.0 Safari/537.36','2025-09-18 04:10:39'),(291,20,'auth.logout','user','20',NULL,'::1','Mozilla/5.0 (Windows NT 10.0; Win64; x64) AppleWebKit/537.36 (KHTML, like Gecko) Chrome/140.0.0.0 Safari/537.36','2025-09-18 04:15:49'),(292,82,'auth.logout','user','82',NULL,'::1','Mozilla/5.0 (Windows NT 10.0; Win64; x64) AppleWebKit/537.36 (KHTML, like Gecko) Chrome/140.0.0.0 Safari/537.36','2025-09-18 04:16:17'),(293,22,'auth.login_success','user','22',NULL,'::1','Mozilla/5.0 (Windows NT 10.0; Win64; x64) AppleWebKit/537.36 (KHTML, like Gecko) Chrome/140.0.0.0 Safari/537.36','2025-09-18 04:16:22'),(294,22,'auth.logout','user','22',NULL,'::1','Mozilla/5.0 (Windows NT 10.0; Win64; x64) AppleWebKit/537.36 (KHTML, like Gecko) Chrome/140.0.0.0 Safari/537.36','2025-09-18 04:17:49'),(295,21,'auth.login_success','user','21',NULL,'::1','Mozilla/5.0 (Windows NT 10.0; Win64; x64) AppleWebKit/537.36 (KHTML, like Gecko) Chrome/140.0.0.0 Safari/537.36','2025-09-18 04:17:56'),(296,21,'auth.logout','user','21',NULL,'::1','Mozilla/5.0 (Windows NT 10.0; Win64; x64) AppleWebKit/537.36 (KHTML, like Gecko) Chrome/140.0.0.0 Safari/537.36','2025-09-18 04:18:37'),(297,20,'auth.login_success','user','20',NULL,'::1','Mozilla/5.0 (Windows NT 10.0; Win64; x64) AppleWebKit/537.36 (KHTML, like Gecko) Chrome/140.0.0.0 Safari/537.36','2025-09-18 04:18:43'),(298,21,'auth.login_success','user','21',NULL,'::1','Mozilla/5.0 (Windows NT 10.0; Win64; x64) AppleWebKit/537.36 (KHTML, like Gecko) Chrome/140.0.0.0 Safari/537.36','2025-09-19 03:53:41'),(299,20,'material.upload','lesson_material',NULL,'{\"lesson_id\":22,\"success\":true}','::1','Mozilla/5.0 (Windows NT 10.0; Win64; x64) AppleWebKit/537.36 (KHTML, like Gecko) Chrome/140.0.0.0 Safari/537.36','2025-09-19 04:19:22'),(300,21,'auth.login_success','user','21',NULL,'::1','Mozilla/5.0 (Windows NT 10.0; Win64; x64) AppleWebKit/537.36 (KHTML, like Gecko) Chrome/140.0.0.0 Safari/537.36','2025-09-19 04:27:25'),(301,20,'auth.logout','user','20',NULL,'::1','Mozilla/5.0 (Windows NT 10.0; Win64; x64) AppleWebKit/537.36 (KHTML, like Gecko) Chrome/140.0.0.0 Safari/537.36','2025-09-19 08:10:15'),(302,22,'auth.login_success','user','22',NULL,'::1','Mozilla/5.0 (Windows NT 10.0; Win64; x64) AppleWebKit/537.36 (KHTML, like Gecko) Chrome/140.0.0.0 Safari/537.36','2025-09-19 08:11:22'),(303,20,'auth.login_success','user','20',NULL,'::1','Mozilla/5.0 (Windows NT 10.0; Win64; x64) AppleWebKit/537.36 (KHTML, like Gecko) Chrome/140.0.0.0 Safari/537.36','2025-09-19 08:11:36'),(304,22,'auth.logout','user','22',NULL,'::1','Mozilla/5.0 (Windows NT 10.0; Win64; x64) AppleWebKit/537.36 (KHTML, like Gecko) Chrome/140.0.0.0 Safari/537.36','2025-09-19 08:12:33'),(305,21,'auth.login_success','user','21',NULL,'::1','Mozilla/5.0 (Windows NT 10.0; Win64; x64) AppleWebKit/537.36 (KHTML, like Gecko) Chrome/140.0.0.0 Safari/537.36','2025-09-19 08:12:47'),(306,20,'auth.login_success','user','20',NULL,'::1','Mozilla/5.0 (Windows NT 10.0; Win64; x64) AppleWebKit/537.36 (KHTML, like Gecko) Chrome/140.0.0.0 Safari/537.36','2025-09-19 08:26:38'),(307,20,'material.upload','lesson_material',NULL,'{\"lesson_id\":24,\"success\":true}','::1','Mozilla/5.0 (Windows NT 10.0; Win64; x64) AppleWebKit/537.36 (KHTML, like Gecko) Chrome/140.0.0.0 Safari/537.36','2025-09-19 09:29:28'),(308,20,'material.upload','lesson_material',NULL,'{\"lesson_id\":24,\"success\":true}','::1','Mozilla/5.0 (Windows NT 10.0; Win64; x64) AppleWebKit/537.36 (KHTML, like Gecko) Chrome/140.0.0.0 Safari/537.36','2025-09-19 09:29:36'),(309,20,'material.delete','lesson_material','20',NULL,'::1','Mozilla/5.0 (Windows NT 10.0; Win64; x64) AppleWebKit/537.36 (KHTML, like Gecko) Chrome/140.0.0.0 Safari/537.36','2025-09-19 09:29:48'),(310,20,'material.upload','lesson_material',NULL,'{\"lesson_id\":25,\"success\":true}','::1','Mozilla/5.0 (Windows NT 10.0; Win64; x64) AppleWebKit/537.36 (KHTML, like Gecko) Chrome/140.0.0.0 Safari/537.36','2025-09-19 09:30:16'),(311,20,'auth.logout','user','20',NULL,'::1','Mozilla/5.0 (Windows NT 10.0; Win64; x64) AppleWebKit/537.36 (KHTML, like Gecko) Chrome/140.0.0.0 Safari/537.36','2025-09-19 10:23:05'),(312,21,'auth.logout','user','21',NULL,'::1','Mozilla/5.0 (Windows NT 10.0; Win64; x64) AppleWebKit/537.36 (KHTML, like Gecko) Chrome/140.0.0.0 Safari/537.36','2025-09-19 10:27:05'),(313,21,'auth.login_success','user','21',NULL,'::1','Mozilla/5.0 (Windows NT 10.0; Win64; x64) AppleWebKit/537.36 (KHTML, like Gecko) Chrome/140.0.0.0 Safari/537.36','2025-09-19 14:36:47'),(314,21,'auth.logout','user','21',NULL,'::1','Mozilla/5.0 (Windows NT 10.0; Win64; x64) AppleWebKit/537.36 (KHTML, like Gecko) Chrome/140.0.0.0 Safari/537.36','2025-09-19 17:08:05'),(315,21,'auth.login_success','user','21',NULL,'::1','Mozilla/5.0 (Windows NT 10.0; Win64; x64) AppleWebKit/537.36 (KHTML, like Gecko) Chrome/140.0.0.0 Safari/537.36','2025-09-19 17:16:41'),(316,21,'auth.logout','user','21',NULL,'::1','Mozilla/5.0 (Windows NT 10.0; Win64; x64) AppleWebKit/537.36 (KHTML, like Gecko) Chrome/140.0.0.0 Safari/537.36','2025-09-19 19:14:05'),(317,21,'auth.login_success','user','21',NULL,'::1','Mozilla/5.0 (Windows NT 10.0; Win64; x64) AppleWebKit/537.36 (KHTML, like Gecko) Chrome/140.0.0.0 Safari/537.36','2025-09-19 22:36:58'),(318,21,'auth.logout','user','21',NULL,'::1','Mozilla/5.0 (Windows NT 10.0; Win64; x64) AppleWebKit/537.36 (KHTML, like Gecko) Chrome/140.0.0.0 Safari/537.36','2025-09-20 00:10:04'),(319,21,'auth.login_success','user','21',NULL,'::1','Mozilla/5.0 (Windows NT 10.0; Win64; x64) AppleWebKit/537.36 (KHTML, like Gecko) Chrome/140.0.0.0 Safari/537.36','2025-09-20 03:23:43'),(320,21,'auth.logout','user','21',NULL,'::1','Mozilla/5.0 (Windows NT 10.0; Win64; x64) AppleWebKit/537.36 (KHTML, like Gecko) Chrome/140.0.0.0 Safari/537.36','2025-09-21 02:29:50'),(321,20,'auth.login_success','user','20',NULL,'::1','Mozilla/5.0 (Windows NT 10.0; Win64; x64) AppleWebKit/537.36 (KHTML, like Gecko) Chrome/140.0.0.0 Safari/537.36','2025-09-21 02:29:57'),(322,20,'auth.logout','user','20',NULL,'::1','Mozilla/5.0 (Windows NT 10.0; Win64; x64) AppleWebKit/537.36 (KHTML, like Gecko) Chrome/140.0.0.0 Safari/537.36','2025-09-21 03:38:21'),(323,21,'auth.login_success','user','21',NULL,'::1','Mozilla/5.0 (Windows NT 10.0; Win64; x64) AppleWebKit/537.36 (KHTML, like Gecko) Chrome/140.0.0.0 Safari/537.36','2025-09-21 03:38:36'),(324,21,'auth.logout','user','21',NULL,'::1','Mozilla/5.0 (Windows NT 10.0; Win64; x64) AppleWebKit/537.36 (KHTML, like Gecko) Chrome/140.0.0.0 Safari/537.36','2025-09-21 05:10:33'),(325,20,'auth.login_success','user','20',NULL,'::1','Mozilla/5.0 (Windows NT 10.0; Win64; x64) AppleWebKit/537.36 (KHTML, like Gecko) Chrome/140.0.0.0 Safari/537.36','2025-09-21 05:10:49'),(326,20,'auth.logout','user','20',NULL,'::1','Mozilla/5.0 (Windows NT 10.0; Win64; x64) AppleWebKit/537.36 (KHTML, like Gecko) Chrome/140.0.0.0 Safari/537.36','2025-09-21 07:02:05'),(327,20,'auth.login_success','user','20',NULL,'::1','Mozilla/5.0 (Windows NT 10.0; Win64; x64) AppleWebKit/537.36 (KHTML, like Gecko) Chrome/140.0.0.0 Safari/537.36','2025-09-22 02:45:07'),(328,20,'auth.logout','user','20',NULL,'::1','Mozilla/5.0 (Windows NT 10.0; Win64; x64) AppleWebKit/537.36 (KHTML, like Gecko) Chrome/140.0.0.0 Safari/537.36','2025-09-22 03:25:57'),(329,82,'auth.logout','user','82',NULL,'::1','Mozilla/5.0 (Windows NT 10.0; Win64; x64) AppleWebKit/537.36 (KHTML, like Gecko) Chrome/140.0.0.0 Safari/537.36','2025-09-22 03:26:17'),(330,22,'auth.login_success','user','22',NULL,'::1','Mozilla/5.0 (Windows NT 10.0; Win64; x64) AppleWebKit/537.36 (KHTML, like Gecko) Chrome/140.0.0.0 Safari/537.36','2025-09-22 03:26:31'),(331,22,'auth.logout','user','22',NULL,'::1','Mozilla/5.0 (Windows NT 10.0; Win64; x64) AppleWebKit/537.36 (KHTML, like Gecko) Chrome/140.0.0.0 Safari/537.36','2025-09-22 03:26:50'),(332,21,'auth.login_success','user','21',NULL,'::1','Mozilla/5.0 (Windows NT 10.0; Win64; x64) AppleWebKit/537.36 (KHTML, like Gecko) Chrome/140.0.0.0 Safari/537.36','2025-09-22 03:26:56'),(333,21,'auth.logout','user','21',NULL,'::1','Mozilla/5.0 (Windows NT 10.0; Win64; x64) AppleWebKit/537.36 (KHTML, like Gecko) Chrome/140.0.0.0 Safari/537.36','2025-09-22 03:27:13'),(334,20,'auth.login_success','user','20',NULL,'::1','Mozilla/5.0 (Windows NT 10.0; Win64; x64) AppleWebKit/537.36 (KHTML, like Gecko) Chrome/140.0.0.0 Safari/537.36','2025-09-22 03:27:18'),(335,20,'auth.logout','user','20',NULL,'::1','Mozilla/5.0 (Windows NT 10.0; Win64; x64) AppleWebKit/537.36 (KHTML, like Gecko) Chrome/140.0.0.0 Safari/537.36','2025-09-22 04:32:04'),(336,20,'auth.login_success','user','20',NULL,'::1','Mozilla/5.0 (Windows NT 10.0; Win64; x64) AppleWebKit/537.36 (KHTML, like Gecko) Chrome/140.0.0.0 Safari/537.36','2025-09-22 17:09:26'),(337,20,'material.create','lesson_material','22','{\"lesson_id\":\"27\"}','::1','Mozilla/5.0 (Windows NT 10.0; Win64; x64) AppleWebKit/537.36 (KHTML, like Gecko) Chrome/140.0.0.0 Safari/537.36','2025-09-22 17:46:10'),(338,20,'material.delete','lesson_material','22',NULL,'::1','Mozilla/5.0 (Windows NT 10.0; Win64; x64) AppleWebKit/537.36 (KHTML, like Gecko) Chrome/140.0.0.0 Safari/537.36','2025-09-22 17:46:16'),(339,20,'material.upload','lesson_material',NULL,'{\"lesson_id\":26,\"success\":true}','::1','Mozilla/5.0 (Windows NT 10.0; Win64; x64) AppleWebKit/537.36 (KHTML, like Gecko) Chrome/140.0.0.0 Safari/537.36','2025-09-22 18:10:07'),(340,20,'material.upload','lesson_material',NULL,'{\"lesson_id\":27,\"success\":true}','::1','Mozilla/5.0 (Windows NT 10.0; Win64; x64) AppleWebKit/537.36 (KHTML, like Gecko) Chrome/140.0.0.0 Safari/537.36','2025-09-22 18:10:13'),(341,20,'material.upload','lesson_material',NULL,'{\"lesson_id\":28,\"success\":true}','::1','Mozilla/5.0 (Windows NT 10.0; Win64; x64) AppleWebKit/537.36 (KHTML, like Gecko) Chrome/140.0.0.0 Safari/537.36','2025-09-22 18:10:19'),(342,20,'material.upload','lesson_material',NULL,'{\"lesson_id\":28,\"success\":true}','::1','Mozilla/5.0 (Windows NT 10.0; Win64; x64) AppleWebKit/537.36 (KHTML, like Gecko) Chrome/140.0.0.0 Safari/537.36','2025-09-22 18:10:25'),(343,20,'material.delete','lesson_material','26',NULL,'::1','Mozilla/5.0 (Windows NT 10.0; Win64; x64) AppleWebKit/537.36 (KHTML, like Gecko) Chrome/140.0.0.0 Safari/537.36','2025-09-22 18:10:29'),(344,20,'material.upload','lesson_material',NULL,'{\"lesson_id\":29,\"success\":true}','::1','Mozilla/5.0 (Windows NT 10.0; Win64; x64) AppleWebKit/537.36 (KHTML, like Gecko) Chrome/140.0.0.0 Safari/537.36','2025-09-22 18:10:36'),(345,20,'material.upload','lesson_material',NULL,'{\"lesson_id\":30,\"success\":true}','::1','Mozilla/5.0 (Windows NT 10.0; Win64; x64) AppleWebKit/537.36 (KHTML, like Gecko) Chrome/140.0.0.0 Safari/537.36','2025-09-22 18:10:48'),(346,20,'material.upload','lesson_material',NULL,'{\"lesson_id\":31,\"success\":true}','::1','Mozilla/5.0 (Windows NT 10.0; Win64; x64) AppleWebKit/537.36 (KHTML, like Gecko) Chrome/140.0.0.0 Safari/537.36','2025-09-22 18:12:39'),(347,20,'material.upload','lesson_material',NULL,'{\"lesson_id\":32,\"success\":true}','::1','Mozilla/5.0 (Windows NT 10.0; Win64; x64) AppleWebKit/537.36 (KHTML, like Gecko) Chrome/140.0.0.0 Safari/537.36','2025-09-22 18:12:49'),(348,20,'auth.logout','user','20',NULL,'::1','Mozilla/5.0 (Windows NT 10.0; Win64; x64) AppleWebKit/537.36 (KHTML, like Gecko) Chrome/140.0.0.0 Safari/537.36','2025-09-22 19:00:24'),(349,20,'auth.login_success','user','20',NULL,'::1','Mozilla/5.0 (Windows NT 10.0; Win64; x64) AppleWebKit/537.36 (KHTML, like Gecko) Chrome/140.0.0.0 Safari/537.36','2025-09-22 19:10:18'),(350,20,'auth.logout','user','20',NULL,'::1','Mozilla/5.0 (Windows NT 10.0; Win64; x64) AppleWebKit/537.36 (KHTML, like Gecko) Chrome/140.0.0.0 Safari/537.36','2025-09-22 22:05:15'),(351,20,'auth.login_success','user','20',NULL,'::1','Mozilla/5.0 (Windows NT 10.0; Win64; x64) AppleWebKit/537.36 (KHTML, like Gecko) Chrome/140.0.0.0 Safari/537.36','2025-09-22 22:07:20'),(352,20,'auth.logout','user','20',NULL,'::1','Mozilla/5.0 (Windows NT 10.0; Win64; x64) AppleWebKit/537.36 (KHTML, like Gecko) Chrome/140.0.0.0 Safari/537.36','2025-09-22 22:56:36'),(353,21,'auth.login_success','user','21',NULL,'::1','Mozilla/5.0 (Windows NT 10.0; Win64; x64) AppleWebKit/537.36 (KHTML, like Gecko) Chrome/140.0.0.0 Safari/537.36','2025-09-22 22:56:49'),(354,21,'auth.logout','user','21',NULL,'::1','Mozilla/5.0 (Windows NT 10.0; Win64; x64) AppleWebKit/537.36 (KHTML, like Gecko) Chrome/140.0.0.0 Safari/537.36','2025-09-22 23:08:58'),(355,20,'auth.login_success','user','20',NULL,'::1','Mozilla/5.0 (Windows NT 10.0; Win64; x64) AppleWebKit/537.36 (KHTML, like Gecko) Chrome/140.0.0.0 Safari/537.36','2025-09-22 23:09:05'),(356,20,'material.reorder','lesson_material',NULL,'{\"lesson_id\":\"26\",\"order\":[\"23\"]}','::1','Mozilla/5.0 (Windows NT 10.0; Win64; x64) AppleWebKit/537.36 (KHTML, like Gecko) Chrome/140.0.0.0 Safari/537.36','2025-09-22 23:49:28'),(357,20,'material.reorder','lesson_material',NULL,'{\"lesson_id\":\"26\",\"order\":[\"23\"]}','::1','Mozilla/5.0 (Windows NT 10.0; Win64; x64) AppleWebKit/537.36 (KHTML, like Gecko) Chrome/140.0.0.0 Safari/537.36','2025-09-22 23:49:29'),(358,20,'material.upload','lesson_material',NULL,'{\"lesson_id\":33,\"success\":true}','::1','Mozilla/5.0 (Windows NT 10.0; Win64; x64) AppleWebKit/537.36 (KHTML, like Gecko) Chrome/140.0.0.0 Safari/537.36','2025-09-23 00:23:06'),(359,20,'auth.logout','user','20',NULL,'::1','Mozilla/5.0 (Windows NT 10.0; Win64; x64) AppleWebKit/537.36 (KHTML, like Gecko) Chrome/140.0.0.0 Safari/537.36','2025-09-23 00:44:54'),(360,20,'auth.login_success','user','20',NULL,'::1','Mozilla/5.0 (Windows NT 10.0; Win64; x64) AppleWebKit/537.36 (KHTML, like Gecko) Chrome/140.0.0.0 Safari/537.36','2025-09-23 00:45:00'),(361,20,'auth.logout','user','20',NULL,'::1','Mozilla/5.0 (Windows NT 10.0; Win64; x64) AppleWebKit/537.36 (KHTML, like Gecko) Chrome/140.0.0.0 Safari/537.36','2025-09-23 00:48:18'),(362,20,'auth.login_success','user','20',NULL,'::1','Mozilla/5.0 (Windows NT 10.0; Win64; x64) AppleWebKit/537.36 (KHTML, like Gecko) Chrome/140.0.0.0 Safari/537.36','2025-09-23 00:48:23'),(363,20,'auth.logout','user','20',NULL,'::1','Mozilla/5.0 (Windows NT 10.0; Win64; x64) AppleWebKit/537.36 (KHTML, like Gecko) Chrome/140.0.0.0 Safari/537.36','2025-09-23 00:55:48'),(364,20,'auth.login_success','user','20',NULL,'::1','Mozilla/5.0 (Windows NT 10.0; Win64; x64) AppleWebKit/537.36 (KHTML, like Gecko) Chrome/140.0.0.0 Safari/537.36','2025-09-23 00:55:57'),(365,20,'auth.logout','user','20',NULL,'::1','Mozilla/5.0 (Windows NT 10.0; Win64; x64) AppleWebKit/537.36 (KHTML, like Gecko) Chrome/140.0.0.0 Safari/537.36','2025-09-23 01:12:21'),(366,20,'auth.login_success','user','20',NULL,'::1','Mozilla/5.0 (Windows NT 10.0; Win64; x64) AppleWebKit/537.36 (KHTML, like Gecko) Chrome/140.0.0.0 Safari/537.36','2025-09-23 01:12:44'),(367,20,'auth.logout','user','20',NULL,'::1','Mozilla/5.0 (Windows NT 10.0; Win64; x64) AppleWebKit/537.36 (KHTML, like Gecko) Chrome/140.0.0.0 Safari/537.36','2025-09-23 01:13:20'),(368,20,'auth.login_success','user','20',NULL,'::1','Mozilla/5.0 (Windows NT 10.0; Win64; x64) AppleWebKit/537.36 (KHTML, like Gecko) Chrome/140.0.0.0 Safari/537.36','2025-09-23 01:19:13'),(369,20,'material.upload','lesson_material',NULL,'{\"lesson_id\":34,\"success\":true}','::1','Mozilla/5.0 (Windows NT 10.0; Win64; x64) AppleWebKit/537.36 (KHTML, like Gecko) Chrome/140.0.0.0 Safari/537.36','2025-09-23 01:42:13'),(370,20,'activity.create','lesson_activity','2','{\"lesson_id\":34,\"title\":\"New Activity\",\"type\":\"multiple_choice\"}','::1','Mozilla/5.0 (Windows NT 10.0; Win64; x64) AppleWebKit/537.36 (KHTML, like Gecko) Chrome/140.0.0.0 Safari/537.36','2025-09-23 01:50:15'),(371,20,'activity.create','lesson_activity','3','{\"lesson_id\":26,\"title\":\"New Activity\",\"type\":\"multiple_choice\"}','::1','Mozilla/5.0 (Windows NT 10.0; Win64; x64) AppleWebKit/537.36 (KHTML, like Gecko) Chrome/140.0.0.0 Safari/537.36','2025-09-23 01:50:42'),(372,20,'activity.create','lesson_activity','4','{\"lesson_id\":34,\"title\":\"New Activity\",\"type\":\"multiple_choice\"}','::1','Mozilla/5.0 (Windows NT 10.0; Win64; x64) AppleWebKit/537.36 (KHTML, like Gecko) Chrome/140.0.0.0 Safari/537.36','2025-09-23 01:53:45'),(373,20,'activity.create','lesson_activity','5','{\"lesson_id\":35,\"title\":\"New Activity\",\"type\":\"multiple_choice\"}','::1','Mozilla/5.0 (Windows NT 10.0; Win64; x64) AppleWebKit/537.36 (KHTML, like Gecko) Chrome/140.0.0.0 Safari/537.36','2025-09-23 01:54:48'),(374,20,'activity.create','lesson_activity','6','{\"lesson_id\":35,\"title\":\"Coding Exercise\",\"type\":\"coding\"}','::1','Mozilla/5.0 (Windows NT 10.0; Win64; x64) AppleWebKit/537.36 (KHTML, like Gecko) Chrome/140.0.0.0 Safari/537.36','2025-09-23 02:05:06'),(375,20,'activity.create','lesson_activity','7','{\"lesson_id\":35,\"title\":\"New Activity\",\"type\":\"quiz\"}','::1','Mozilla/5.0 (Windows NT 10.0; Win64; x64) AppleWebKit/537.36 (KHTML, like Gecko) Chrome/140.0.0.0 Safari/537.36','2025-09-23 02:05:15'),(376,20,'activity.create','lesson_activity','8','{\"lesson_id\":35,\"title\":\"New Activity\",\"type\":\"true_false\"}','::1','Mozilla/5.0 (Windows NT 10.0; Win64; x64) AppleWebKit/537.36 (KHTML, like Gecko) Chrome/140.0.0.0 Safari/537.36','2025-09-23 02:05:20'),(377,20,'activity.create','lesson_activity','9','{\"lesson_id\":35,\"title\":\"New Activity\",\"type\":\"matching\"}','::1','Mozilla/5.0 (Windows NT 10.0; Win64; x64) AppleWebKit/537.36 (KHTML, like Gecko) Chrome/140.0.0.0 Safari/537.36','2025-09-23 02:05:25'),(378,20,'activity.create','lesson_activity','10','{\"lesson_id\":35,\"title\":\"New Activity\",\"type\":\"identification\"}','::1','Mozilla/5.0 (Windows NT 10.0; Win64; x64) AppleWebKit/537.36 (KHTML, like Gecko) Chrome/140.0.0.0 Safari/537.36','2025-09-23 02:05:31'),(379,20,'activity.update','lesson_activity','7','{\"keys\":[\"action\",\"id\",\"title\"]}','::1','Mozilla/5.0 (Windows NT 10.0; Win64; x64) AppleWebKit/537.36 (KHTML, like Gecko) Chrome/140.0.0.0 Safari/537.36','2025-09-23 02:08:58'),(380,20,'activity.delete','lesson_activity','5',NULL,'::1','Mozilla/5.0 (Windows NT 10.0; Win64; x64) AppleWebKit/537.36 (KHTML, like Gecko) Chrome/140.0.0.0 Safari/537.36','2025-09-23 02:16:15'),(381,20,'activity.delete','lesson_activity','11',NULL,'::1','Mozilla/5.0 (Windows NT 10.0; Win64; x64) AppleWebKit/537.36 (KHTML, like Gecko) Chrome/140.0.0.0 Safari/537.36','2025-09-23 02:20:13'),(382,20,'activity.create','lesson_activity','12','{\"lesson_id\":35,\"title\":\"Test\",\"type\":\"coding\"}','::1','Mozilla/5.0 (Windows NT 10.0; Win64; x64) AppleWebKit/537.36 (KHTML, like Gecko) Chrome/140.0.0.0 Safari/537.36','2025-09-23 02:37:43'),(383,20,'activity.delete','lesson_activity','6',NULL,'::1','Mozilla/5.0 (Windows NT 10.0; Win64; x64) AppleWebKit/537.36 (KHTML, like Gecko) Chrome/140.0.0.0 Safari/537.36','2025-09-23 02:38:27'),(384,20,'activity.delete','lesson_activity','7',NULL,'::1','Mozilla/5.0 (Windows NT 10.0; Win64; x64) AppleWebKit/537.36 (KHTML, like Gecko) Chrome/140.0.0.0 Safari/537.36','2025-09-23 02:38:28'),(385,20,'activity.delete','lesson_activity','8',NULL,'::1','Mozilla/5.0 (Windows NT 10.0; Win64; x64) AppleWebKit/537.36 (KHTML, like Gecko) Chrome/140.0.0.0 Safari/537.36','2025-09-23 02:38:29'),(386,20,'activity.delete','lesson_activity','9',NULL,'::1','Mozilla/5.0 (Windows NT 10.0; Win64; x64) AppleWebKit/537.36 (KHTML, like Gecko) Chrome/140.0.0.0 Safari/537.36','2025-09-23 02:38:30'),(387,20,'activity.delete','lesson_activity','10',NULL,'::1','Mozilla/5.0 (Windows NT 10.0; Win64; x64) AppleWebKit/537.36 (KHTML, like Gecko) Chrome/140.0.0.0 Safari/537.36','2025-09-23 02:38:31'),(388,20,'activity.delete','lesson_activity','12',NULL,'::1','Mozilla/5.0 (Windows NT 10.0; Win64; x64) AppleWebKit/537.36 (KHTML, like Gecko) Chrome/140.0.0.0 Safari/537.36','2025-09-23 02:38:34'),(389,20,'activity.create','lesson_activity','13','{\"lesson_id\":35,\"title\":\"Test\",\"type\":\"coding\"}','::1','Mozilla/5.0 (Windows NT 10.0; Win64; x64) AppleWebKit/537.36 (KHTML, like Gecko) Chrome/140.0.0.0 Safari/537.36','2025-09-23 02:38:41'),(390,20,'activity.delete','lesson_activity','15',NULL,'::1','Mozilla/5.0 (Windows NT 10.0; Win64; x64) AppleWebKit/537.36 (KHTML, like Gecko) Chrome/140.0.0.0 Safari/537.36','2025-09-23 22:22:19'),(391,20,'activity.delete','lesson_activity','14',NULL,'::1','Mozilla/5.0 (Windows NT 10.0; Win64; x64) AppleWebKit/537.36 (KHTML, like Gecko) Chrome/140.0.0.0 Safari/537.36','2025-09-23 22:22:29'),(392,20,'activity.delete','lesson_activity','16',NULL,'::1','Mozilla/5.0 (Windows NT 10.0; Win64; x64) AppleWebKit/537.36 (KHTML, like Gecko) Chrome/140.0.0.0 Safari/537.36','2025-09-23 22:22:31'),(393,20,'activity.delete','lesson_activity','17',NULL,'::1','Mozilla/5.0 (Windows NT 10.0; Win64; x64) AppleWebKit/537.36 (KHTML, like Gecko) Chrome/140.0.0.0 Safari/537.36','2025-09-23 22:22:35'),(394,20,'activity.delete','lesson_activity','18',NULL,'::1','Mozilla/5.0 (Windows NT 10.0; Win64; x64) AppleWebKit/537.36 (KHTML, like Gecko) Chrome/140.0.0.0 Safari/537.36','2025-09-23 22:22:37'),(395,20,'activity.delete','lesson_activity','30',NULL,'::1','Mozilla/5.0 (Windows NT 10.0; Win64; x64) AppleWebKit/537.36 (KHTML, like Gecko) Chrome/140.0.0.0 Safari/537.36','2025-09-23 22:22:39'),(396,20,'activity.delete','lesson_activity','29',NULL,'::1','Mozilla/5.0 (Windows NT 10.0; Win64; x64) AppleWebKit/537.36 (KHTML, like Gecko) Chrome/140.0.0.0 Safari/537.36','2025-09-23 22:22:41'),(397,20,'activity.delete','lesson_activity','28',NULL,'::1','Mozilla/5.0 (Windows NT 10.0; Win64; x64) AppleWebKit/537.36 (KHTML, like Gecko) Chrome/140.0.0.0 Safari/537.36','2025-09-23 22:22:42'),(398,20,'activity.delete','lesson_activity','27',NULL,'::1','Mozilla/5.0 (Windows NT 10.0; Win64; x64) AppleWebKit/537.36 (KHTML, like Gecko) Chrome/140.0.0.0 Safari/537.36','2025-09-23 22:22:43'),(399,20,'activity.delete','lesson_activity','26',NULL,'::1','Mozilla/5.0 (Windows NT 10.0; Win64; x64) AppleWebKit/537.36 (KHTML, like Gecko) Chrome/140.0.0.0 Safari/537.36','2025-09-23 22:22:44'),(400,20,'activity.delete','lesson_activity','25',NULL,'::1','Mozilla/5.0 (Windows NT 10.0; Win64; x64) AppleWebKit/537.36 (KHTML, like Gecko) Chrome/140.0.0.0 Safari/537.36','2025-09-23 22:22:45'),(401,20,'activity.delete','lesson_activity','23',NULL,'::1','Mozilla/5.0 (Windows NT 10.0; Win64; x64) AppleWebKit/537.36 (KHTML, like Gecko) Chrome/140.0.0.0 Safari/537.36','2025-09-23 22:22:46'),(402,20,'activity.delete','lesson_activity','24',NULL,'::1','Mozilla/5.0 (Windows NT 10.0; Win64; x64) AppleWebKit/537.36 (KHTML, like Gecko) Chrome/140.0.0.0 Safari/537.36','2025-09-23 22:22:47'),(403,20,'activity.delete','lesson_activity','21',NULL,'::1','Mozilla/5.0 (Windows NT 10.0; Win64; x64) AppleWebKit/537.36 (KHTML, like Gecko) Chrome/140.0.0.0 Safari/537.36','2025-09-23 22:22:49'),(404,20,'activity.delete','lesson_activity','22',NULL,'::1','Mozilla/5.0 (Windows NT 10.0; Win64; x64) AppleWebKit/537.36 (KHTML, like Gecko) Chrome/140.0.0.0 Safari/537.36','2025-09-23 22:22:50'),(405,20,'activity.delete','lesson_activity','20',NULL,'::1','Mozilla/5.0 (Windows NT 10.0; Win64; x64) AppleWebKit/537.36 (KHTML, like Gecko) Chrome/140.0.0.0 Safari/537.36','2025-09-23 22:22:51'),(406,20,'activity.delete','lesson_activity','19',NULL,'::1','Mozilla/5.0 (Windows NT 10.0; Win64; x64) AppleWebKit/537.36 (KHTML, like Gecko) Chrome/140.0.0.0 Safari/537.36','2025-09-23 22:22:52'),(407,20,'activity.delete','lesson_activity','66',NULL,'::1','Mozilla/5.0 (Windows NT 10.0; Win64; x64) AppleWebKit/537.36 (KHTML, like Gecko) Chrome/140.0.0.0 Safari/537.36','2025-09-23 22:23:03'),(408,20,'activity.delete','lesson_activity','49',NULL,'::1','Mozilla/5.0 (Windows NT 10.0; Win64; x64) AppleWebKit/537.36 (KHTML, like Gecko) Chrome/140.0.0.0 Safari/537.36','2025-09-23 22:23:05'),(409,20,'activity.delete','lesson_activity','50',NULL,'::1','Mozilla/5.0 (Windows NT 10.0; Win64; x64) AppleWebKit/537.36 (KHTML, like Gecko) Chrome/140.0.0.0 Safari/537.36','2025-09-23 22:23:07'),(410,20,'activity.delete','lesson_activity','51',NULL,'::1','Mozilla/5.0 (Windows NT 10.0; Win64; x64) AppleWebKit/537.36 (KHTML, like Gecko) Chrome/140.0.0.0 Safari/537.36','2025-09-23 22:23:08'),(411,20,'activity.delete','lesson_activity','52',NULL,'::1','Mozilla/5.0 (Windows NT 10.0; Win64; x64) AppleWebKit/537.36 (KHTML, like Gecko) Chrome/140.0.0.0 Safari/537.36','2025-09-23 22:23:10'),(412,20,'activity.delete','lesson_activity','55',NULL,'::1','Mozilla/5.0 (Windows NT 10.0; Win64; x64) AppleWebKit/537.36 (KHTML, like Gecko) Chrome/140.0.0.0 Safari/537.36','2025-09-23 22:23:12'),(413,20,'activity.delete','lesson_activity','40',NULL,'::1','Mozilla/5.0 (Windows NT 10.0; Win64; x64) AppleWebKit/537.36 (KHTML, like Gecko) Chrome/140.0.0.0 Safari/537.36','2025-09-23 22:23:14'),(414,20,'activity.delete','lesson_activity','41',NULL,'::1','Mozilla/5.0 (Windows NT 10.0; Win64; x64) AppleWebKit/537.36 (KHTML, like Gecko) Chrome/140.0.0.0 Safari/537.36','2025-09-23 22:23:15'),(415,20,'activity.delete','lesson_activity','42',NULL,'::1','Mozilla/5.0 (Windows NT 10.0; Win64; x64) AppleWebKit/537.36 (KHTML, like Gecko) Chrome/140.0.0.0 Safari/537.36','2025-09-23 22:23:16'),(416,20,'activity.delete','lesson_activity','43',NULL,'::1','Mozilla/5.0 (Windows NT 10.0; Win64; x64) AppleWebKit/537.36 (KHTML, like Gecko) Chrome/140.0.0.0 Safari/537.36','2025-09-23 22:23:17'),(417,20,'activity.delete','lesson_activity','65',NULL,'::1','Mozilla/5.0 (Windows NT 10.0; Win64; x64) AppleWebKit/537.36 (KHTML, like Gecko) Chrome/140.0.0.0 Safari/537.36','2025-09-23 22:23:20'),(418,20,'activity.delete','lesson_activity','64',NULL,'::1','Mozilla/5.0 (Windows NT 10.0; Win64; x64) AppleWebKit/537.36 (KHTML, like Gecko) Chrome/140.0.0.0 Safari/537.36','2025-09-23 22:23:40'),(419,20,'activity.delete','lesson_activity','31',NULL,'::1','Mozilla/5.0 (Windows NT 10.0; Win64; x64) AppleWebKit/537.36 (KHTML, like Gecko) Chrome/140.0.0.0 Safari/537.36','2025-09-23 22:23:42'),(420,20,'activity.delete','lesson_activity','32',NULL,'::1','Mozilla/5.0 (Windows NT 10.0; Win64; x64) AppleWebKit/537.36 (KHTML, like Gecko) Chrome/140.0.0.0 Safari/537.36','2025-09-23 22:23:43'),(421,20,'activity.delete','lesson_activity','33',NULL,'::1','Mozilla/5.0 (Windows NT 10.0; Win64; x64) AppleWebKit/537.36 (KHTML, like Gecko) Chrome/140.0.0.0 Safari/537.36','2025-09-23 22:23:45'),(422,20,'activity.delete','lesson_activity','34',NULL,'::1','Mozilla/5.0 (Windows NT 10.0; Win64; x64) AppleWebKit/537.36 (KHTML, like Gecko) Chrome/140.0.0.0 Safari/537.36','2025-09-23 22:23:46'),(423,20,'activity.delete','lesson_activity','35',NULL,'::1','Mozilla/5.0 (Windows NT 10.0; Win64; x64) AppleWebKit/537.36 (KHTML, like Gecko) Chrome/140.0.0.0 Safari/537.36','2025-09-23 22:23:48'),(424,20,'activity.delete','lesson_activity','36',NULL,'::1','Mozilla/5.0 (Windows NT 10.0; Win64; x64) AppleWebKit/537.36 (KHTML, like Gecko) Chrome/140.0.0.0 Safari/537.36','2025-09-23 22:23:49'),(425,20,'activity.delete','lesson_activity','37',NULL,'::1','Mozilla/5.0 (Windows NT 10.0; Win64; x64) AppleWebKit/537.36 (KHTML, like Gecko) Chrome/140.0.0.0 Safari/537.36','2025-09-23 22:23:50'),(426,20,'activity.delete','lesson_activity','38',NULL,'::1','Mozilla/5.0 (Windows NT 10.0; Win64; x64) AppleWebKit/537.36 (KHTML, like Gecko) Chrome/140.0.0.0 Safari/537.36','2025-09-23 22:23:53'),(427,20,'activity.delete','lesson_activity','39',NULL,'::1','Mozilla/5.0 (Windows NT 10.0; Win64; x64) AppleWebKit/537.36 (KHTML, like Gecko) Chrome/140.0.0.0 Safari/537.36','2025-09-23 22:23:55'),(428,20,'activity.delete','lesson_activity','44',NULL,'::1','Mozilla/5.0 (Windows NT 10.0; Win64; x64) AppleWebKit/537.36 (KHTML, like Gecko) Chrome/140.0.0.0 Safari/537.36','2025-09-23 22:23:56'),(429,20,'activity.delete','lesson_activity','45',NULL,'::1','Mozilla/5.0 (Windows NT 10.0; Win64; x64) AppleWebKit/537.36 (KHTML, like Gecko) Chrome/140.0.0.0 Safari/537.36','2025-09-23 22:23:57'),(430,20,'activity.delete','lesson_activity','46',NULL,'::1','Mozilla/5.0 (Windows NT 10.0; Win64; x64) AppleWebKit/537.36 (KHTML, like Gecko) Chrome/140.0.0.0 Safari/537.36','2025-09-23 22:23:58'),(431,20,'activity.delete','lesson_activity','47',NULL,'::1','Mozilla/5.0 (Windows NT 10.0; Win64; x64) AppleWebKit/537.36 (KHTML, like Gecko) Chrome/140.0.0.0 Safari/537.36','2025-09-23 22:23:59'),(432,20,'activity.delete','lesson_activity','48',NULL,'::1','Mozilla/5.0 (Windows NT 10.0; Win64; x64) AppleWebKit/537.36 (KHTML, like Gecko) Chrome/140.0.0.0 Safari/537.36','2025-09-23 22:24:00'),(433,20,'activity.delete','lesson_activity','53',NULL,'::1','Mozilla/5.0 (Windows NT 10.0; Win64; x64) AppleWebKit/537.36 (KHTML, like Gecko) Chrome/140.0.0.0 Safari/537.36','2025-09-23 22:24:01'),(434,20,'activity.delete','lesson_activity','54',NULL,'::1','Mozilla/5.0 (Windows NT 10.0; Win64; x64) AppleWebKit/537.36 (KHTML, like Gecko) Chrome/140.0.0.0 Safari/537.36','2025-09-23 22:24:03'),(435,20,'activity.delete','lesson_activity','56',NULL,'::1','Mozilla/5.0 (Windows NT 10.0; Win64; x64) AppleWebKit/537.36 (KHTML, like Gecko) Chrome/140.0.0.0 Safari/537.36','2025-09-23 22:24:04'),(436,20,'activity.delete','lesson_activity','57',NULL,'::1','Mozilla/5.0 (Windows NT 10.0; Win64; x64) AppleWebKit/537.36 (KHTML, like Gecko) Chrome/140.0.0.0 Safari/537.36','2025-09-23 22:24:05'),(437,20,'activity.delete','lesson_activity','58',NULL,'::1','Mozilla/5.0 (Windows NT 10.0; Win64; x64) AppleWebKit/537.36 (KHTML, like Gecko) Chrome/140.0.0.0 Safari/537.36','2025-09-23 22:24:06'),(438,20,'activity.delete','lesson_activity','59',NULL,'::1','Mozilla/5.0 (Windows NT 10.0; Win64; x64) AppleWebKit/537.36 (KHTML, like Gecko) Chrome/140.0.0.0 Safari/537.36','2025-09-23 22:24:07'),(439,20,'activity.delete','lesson_activity','60',NULL,'::1','Mozilla/5.0 (Windows NT 10.0; Win64; x64) AppleWebKit/537.36 (KHTML, like Gecko) Chrome/140.0.0.0 Safari/537.36','2025-09-23 22:24:08'),(440,20,'activity.delete','lesson_activity','61',NULL,'::1','Mozilla/5.0 (Windows NT 10.0; Win64; x64) AppleWebKit/537.36 (KHTML, like Gecko) Chrome/140.0.0.0 Safari/537.36','2025-09-23 22:24:09'),(441,20,'activity.delete','lesson_activity','62',NULL,'::1','Mozilla/5.0 (Windows NT 10.0; Win64; x64) AppleWebKit/537.36 (KHTML, like Gecko) Chrome/140.0.0.0 Safari/537.36','2025-09-23 22:24:09'),(442,20,'activity.delete','lesson_activity','63',NULL,'::1','Mozilla/5.0 (Windows NT 10.0; Win64; x64) AppleWebKit/537.36 (KHTML, like Gecko) Chrome/140.0.0.0 Safari/537.36','2025-09-23 22:24:11'),(443,20,'activity.delete','lesson_activity','67',NULL,'::1','Mozilla/5.0 (Windows NT 10.0; Win64; x64) AppleWebKit/537.36 (KHTML, like Gecko) Chrome/140.0.0.0 Safari/537.36','2025-09-23 22:26:17'),(444,20,'auth.logout','user','20',NULL,'::1','Mozilla/5.0 (Windows NT 10.0; Win64; x64) AppleWebKit/537.36 (KHTML, like Gecko) Chrome/140.0.0.0 Safari/537.36','2025-09-23 22:27:05'),(445,22,'auth.login_success','user','22',NULL,'::1','Mozilla/5.0 (Windows NT 10.0; Win64; x64) AppleWebKit/537.36 (KHTML, like Gecko) Chrome/140.0.0.0 Safari/537.36','2025-09-23 22:27:11'),(446,22,'user.archive','user','KLD-22-000123','{\"payload_keys\":[\"action\",\"id_number\"]}','::1','Mozilla/5.0 (Windows NT 10.0; Win64; x64) AppleWebKit/537.36 (KHTML, like Gecko) Chrome/140.0.0.0 Safari/537.36','2025-09-23 22:27:23'),(447,22,'user.unarchive','user','KLD-22-000123','{\"payload_keys\":[\"action\",\"id_number\"]}','::1','Mozilla/5.0 (Windows NT 10.0; Win64; x64) AppleWebKit/537.36 (KHTML, like Gecko) Chrome/140.0.0.0 Safari/537.36','2025-09-23 22:27:25'),(448,22,'auth.logout','user','22',NULL,'::1','Mozilla/5.0 (Windows NT 10.0; Win64; x64) AppleWebKit/537.36 (KHTML, like Gecko) Chrome/140.0.0.0 Safari/537.36','2025-09-23 22:28:05'),(449,21,'auth.login_success','user','21',NULL,'::1','Mozilla/5.0 (Windows NT 10.0; Win64; x64) AppleWebKit/537.36 (KHTML, like Gecko) Chrome/140.0.0.0 Safari/537.36','2025-09-23 22:28:20'),(450,21,'auth.logout','user','21',NULL,'::1','Mozilla/5.0 (Windows NT 10.0; Win64; x64) AppleWebKit/537.36 (KHTML, like Gecko) Chrome/140.0.0.0 Safari/537.36','2025-09-23 22:46:39'),(451,20,'auth.login_success','user','20',NULL,'::1','Mozilla/5.0 (Windows NT 10.0; Win64; x64) AppleWebKit/537.36 (KHTML, like Gecko) Chrome/140.0.0.0 Safari/537.36','2025-09-23 22:46:45'),(452,20,'activity.delete','lesson_activity','68',NULL,'::1','Mozilla/5.0 (Windows NT 10.0; Win64; x64) AppleWebKit/537.36 (KHTML, like Gecko) Chrome/140.0.0.0 Safari/537.36','2025-09-24 00:12:40'),(453,20,'activity.delete','lesson_activity','13',NULL,'::1','Mozilla/5.0 (Windows NT 10.0; Win64; x64) AppleWebKit/537.36 (KHTML, like Gecko) Chrome/140.0.0.0 Safari/537.36','2025-09-24 00:16:45'),(454,20,'activity.create','lesson_activity','69','{\"lesson_id\":35,\"title\":\"[Laboratory] test\",\"type\":\"coding\"}','::1','Mozilla/5.0 (Windows NT 10.0; Win64; x64) AppleWebKit/537.36 (KHTML, like Gecko) Chrome/140.0.0.0 Safari/537.36','2025-09-24 00:52:21'),(455,20,'activity.create','lesson_activity','70','{\"lesson_id\":35,\"title\":\"[Laboratory] test\",\"type\":\"coding\"}','::1','Mozilla/5.0 (Windows NT 10.0; Win64; x64) AppleWebKit/537.36 (KHTML, like Gecko) Chrome/140.0.0.0 Safari/537.36','2025-09-24 00:52:23'),(456,20,'activity.delete','lesson_activity','70',NULL,'::1','Mozilla/5.0 (Windows NT 10.0; Win64; x64) AppleWebKit/537.36 (KHTML, like Gecko) Chrome/140.0.0.0 Safari/537.36','2025-09-24 00:53:37'),(457,20,'auth.logout','user','20',NULL,'::1','Mozilla/5.0 (Windows NT 10.0; Win64; x64) AppleWebKit/537.36 (KHTML, like Gecko) Chrome/140.0.0.0 Safari/537.36','2025-09-24 00:58:12'),(458,20,'auth.login_success','user','20',NULL,'::1','Mozilla/5.0 (Windows NT 10.0; Win64; x64) AppleWebKit/537.36 (KHTML, like Gecko) Chrome/140.0.0.0 Safari/537.36','2025-09-24 00:59:52'),(459,20,'activity.create','lesson_activity','71','{\"lesson_id\":35,\"title\":\"[Laboratory] test\",\"type\":\"coding\"}','::1','Mozilla/5.0 (Windows NT 10.0; Win64; x64) AppleWebKit/537.36 (KHTML, like Gecko) Chrome/140.0.0.0 Safari/537.36','2025-09-24 01:00:35'),(460,20,'activity.delete','lesson_activity','71',NULL,'::1','Mozilla/5.0 (Windows NT 10.0; Win64; x64) AppleWebKit/537.36 (KHTML, like Gecko) Chrome/140.0.0.0 Safari/537.36','2025-09-24 01:10:39'),(461,20,'activity.delete','lesson_activity','69',NULL,'::1','Mozilla/5.0 (Windows NT 10.0; Win64; x64) AppleWebKit/537.36 (KHTML, like Gecko) Chrome/140.0.0.0 Safari/537.36','2025-09-24 01:10:40'),(462,20,'activity.create','lesson_activity','72','{\"lesson_id\":35,\"title\":\"[Laboratory] Sum of Two Integers\",\"type\":\"coding\"}','::1','Mozilla/5.0 (Windows NT 10.0; Win64; x64) AppleWebKit/537.36 (KHTML, like Gecko) Chrome/140.0.0.0 Safari/537.36','2025-09-24 01:34:38'),(463,20,'activity.create','lesson_activity','73','{\"lesson_id\":35,\"title\":\"[Laboratory] Sum of Two Integers\",\"type\":\"coding\"}','::1','Mozilla/5.0 (Windows NT 10.0; Win64; x64) AppleWebKit/537.36 (KHTML, like Gecko) Chrome/140.0.0.0 Safari/537.36','2025-09-24 01:34:42'),(464,20,'activity.create','lesson_activity','74','{\"lesson_id\":35,\"title\":\"[Laboratory] Sum of Two Integers\",\"type\":\"coding\"}','::1','Mozilla/5.0 (Windows NT 10.0; Win64; x64) AppleWebKit/537.36 (KHTML, like Gecko) Chrome/140.0.0.0 Safari/537.36','2025-09-24 01:34:56'),(465,20,'activity.update','lesson_activity','72','{\"keys\":[\"action\",\"id\",\"instructions\"]}','::1','Mozilla/5.0 (Windows NT 10.0; Win64; x64) AppleWebKit/537.36 (KHTML, like Gecko) Chrome/140.0.0.0 Safari/537.36','2025-09-24 01:40:49'),(466,20,'activity.delete','lesson_activity','73',NULL,'::1','Mozilla/5.0 (Windows NT 10.0; Win64; x64) AppleWebKit/537.36 (KHTML, like Gecko) Chrome/140.0.0.0 Safari/537.36','2025-09-24 01:41:36'),(467,20,'activity.delete','lesson_activity','74',NULL,'::1','Mozilla/5.0 (Windows NT 10.0; Win64; x64) AppleWebKit/537.36 (KHTML, like Gecko) Chrome/140.0.0.0 Safari/537.36','2025-09-24 01:41:37'),(468,20,'activity.delete','lesson_activity','72',NULL,'::1','Mozilla/5.0 (Windows NT 10.0; Win64; x64) AppleWebKit/537.36 (KHTML, like Gecko) Chrome/140.0.0.0 Safari/537.36','2025-09-24 01:44:10'),(469,20,'activity.create','lesson_activity','75','{\"lesson_id\":35,\"title\":\"[Laboratory] sum\",\"type\":\"coding\"}','::1','Mozilla/5.0 (Windows NT 10.0; Win64; x64) AppleWebKit/537.36 (KHTML, like Gecko) Chrome/140.0.0.0 Safari/537.36','2025-09-24 01:52:07'),(470,20,'activity.create','lesson_activity','76','{\"lesson_id\":35,\"title\":\"[Laboratory] sum\",\"type\":\"coding\"}','::1','Mozilla/5.0 (Windows NT 10.0; Win64; x64) AppleWebKit/537.36 (KHTML, like Gecko) Chrome/140.0.0.0 Safari/537.36','2025-09-24 01:52:12'),(471,20,'activity.create','lesson_activity','77','{\"lesson_id\":35,\"title\":\"[Laboratory] sum\",\"type\":\"coding\"}','::1','Mozilla/5.0 (Windows NT 10.0; Win64; x64) AppleWebKit/537.36 (KHTML, like Gecko) Chrome/140.0.0.0 Safari/537.36','2025-09-24 01:55:21'),(472,20,'auth.logout','user','20',NULL,'::1','Mozilla/5.0 (Windows NT 10.0; Win64; x64) AppleWebKit/537.36 (KHTML, like Gecko) Chrome/140.0.0.0 Safari/537.36','2025-09-24 02:23:25'),(473,20,'auth.login_success','user','20',NULL,'::1','Mozilla/5.0 (Windows NT 10.0; Win64; x64) AppleWebKit/537.36 (KHTML, like Gecko) Chrome/140.0.0.0 Safari/537.36','2025-09-24 14:08:34'),(474,20,'activity.delete','lesson_activity','75',NULL,'::1','Mozilla/5.0 (Windows NT 10.0; Win64; x64) AppleWebKit/537.36 (KHTML, like Gecko) Chrome/140.0.0.0 Safari/537.36','2025-09-24 14:16:13'),(475,20,'activity.delete','lesson_activity','76',NULL,'::1','Mozilla/5.0 (Windows NT 10.0; Win64; x64) AppleWebKit/537.36 (KHTML, like Gecko) Chrome/140.0.0.0 Safari/537.36','2025-09-24 14:16:14'),(476,20,'activity.delete','lesson_activity','77',NULL,'::1','Mozilla/5.0 (Windows NT 10.0; Win64; x64) AppleWebKit/537.36 (KHTML, like Gecko) Chrome/140.0.0.0 Safari/537.36','2025-09-24 14:16:15'),(477,20,'activity.create','lesson_activity','78','{\"lesson_id\":35,\"title\":\"[Laboratory] SUM\",\"type\":\"coding\"}','::1','Mozilla/5.0 (Windows NT 10.0; Win64; x64) AppleWebKit/537.36 (KHTML, like Gecko) Chrome/140.0.0.0 Safari/537.36','2025-09-24 14:16:49'),(478,20,'activity.update','lesson_activity','78','{\"keys\":[\"action\",\"id\",\"instructions\"]}','::1','Mozilla/5.0 (Windows NT 10.0; Win64; x64) AppleWebKit/537.36 (KHTML, like Gecko) Chrome/140.0.0.0 Safari/537.36','2025-09-24 14:16:54'),(479,20,'activity.create','lesson_activity','79','{\"lesson_id\":35,\"title\":\"[Laboratory] SUM\",\"type\":\"coding\"}','::1','Mozilla/5.0 (Windows NT 10.0; Win64; x64) AppleWebKit/537.36 (KHTML, like Gecko) Chrome/140.0.0.0 Safari/537.36','2025-09-24 15:10:45'),(480,20,'auth.logout','user','20',NULL,'::1','Mozilla/5.0 (Windows NT 10.0; Win64; x64) AppleWebKit/537.36 (KHTML, like Gecko) Chrome/140.0.0.0 Safari/537.36','2025-09-24 23:37:18'),(481,82,'auth.logout','user','82',NULL,'::1','Mozilla/5.0 (Windows NT 10.0; Win64; x64) AppleWebKit/537.36 (KHTML, like Gecko) Chrome/140.0.0.0 Safari/537.36','2025-09-27 04:13:39'),(482,22,'auth.login_success','user','22',NULL,'::1','Mozilla/5.0 (Windows NT 10.0; Win64; x64) AppleWebKit/537.36 (KHTML, like Gecko) Chrome/140.0.0.0 Safari/537.36','2025-09-27 04:13:47'),(483,22,'auth.logout','user','22',NULL,'::1','Mozilla/5.0 (Windows NT 10.0; Win64; x64) AppleWebKit/537.36 (KHTML, like Gecko) Chrome/140.0.0.0 Safari/537.36','2025-09-27 04:14:15'),(484,21,'auth.login_success','user','21',NULL,'::1','Mozilla/5.0 (Windows NT 10.0; Win64; x64) AppleWebKit/537.36 (KHTML, like Gecko) Chrome/140.0.0.0 Safari/537.36','2025-09-27 04:14:24'),(485,21,'auth.logout','user','21',NULL,'::1','Mozilla/5.0 (Windows NT 10.0; Win64; x64) AppleWebKit/537.36 (KHTML, like Gecko) Chrome/140.0.0.0 Safari/537.36','2025-09-27 04:14:34'),(486,20,'auth.login_success','user','20',NULL,'::1','Mozilla/5.0 (Windows NT 10.0; Win64; x64) AppleWebKit/537.36 (KHTML, like Gecko) Chrome/140.0.0.0 Safari/537.36','2025-09-27 04:14:48'),(487,20,'activity.delete','lesson_activity','78',NULL,'::1','Mozilla/5.0 (Windows NT 10.0; Win64; x64) AppleWebKit/537.36 (KHTML, like Gecko) Chrome/140.0.0.0 Safari/537.36','2025-09-27 19:16:58'),(488,20,'activity.delete','lesson_activity','79',NULL,'::1','Mozilla/5.0 (Windows NT 10.0; Win64; x64) AppleWebKit/537.36 (KHTML, like Gecko) Chrome/140.0.0.0 Safari/537.36','2025-09-27 19:17:13'),(489,20,'auth.logout','user','20',NULL,'::1','Mozilla/5.0 (Windows NT 10.0; Win64; x64) AppleWebKit/537.36 (KHTML, like Gecko) Chrome/140.0.0.0 Safari/537.36','2025-09-27 20:37:09'),(490,20,'auth.login_success','user','20',NULL,'::1','Mozilla/5.0 (Windows NT 10.0; Win64; x64) AppleWebKit/537.36 (KHTML, like Gecko) Chrome/140.0.0.0 Safari/537.36','2025-09-27 21:39:36'),(491,20,'activity.create','lesson_activity','85','{\"lesson_id\":35,\"title\":\"[LECTURE] test\",\"type\":\"lecture\"}','::1','Mozilla/5.0 (Windows NT 10.0; Win64; x64) AppleWebKit/537.36 (KHTML, like Gecko) Chrome/140.0.0.0 Safari/537.36','2025-09-27 22:54:24'),(492,20,'activity.delete','lesson_activity','86',NULL,'::1','Mozilla/5.0 (Windows NT 10.0; Win64; x64) AppleWebKit/537.36 (KHTML, like Gecko) Chrome/140.0.0.0 Safari/537.36','2025-09-27 23:03:27'),(493,20,'activity.create','lesson_activity','87','{\"lesson_id\":35,\"title\":\"[LECTURE] test\",\"type\":\"lecture\"}','::1','Mozilla/5.0 (Windows NT 10.0; Win64; x64) AppleWebKit/537.36 (KHTML, like Gecko) Chrome/140.0.0.0 Safari/537.36','2025-09-27 23:11:38'),(494,20,'activity.delete','lesson_activity','85',NULL,'::1','Mozilla/5.0 (Windows NT 10.0; Win64; x64) AppleWebKit/537.36 (KHTML, like Gecko) Chrome/140.0.0.0 Safari/537.36','2025-09-27 23:27:19'),(495,20,'activity.delete','lesson_activity','87',NULL,'::1','Mozilla/5.0 (Windows NT 10.0; Win64; x64) AppleWebKit/537.36 (KHTML, like Gecko) Chrome/140.0.0.0 Safari/537.36','2025-09-27 23:27:20'),(496,22,'auth.login_success','user','22',NULL,'::1','Mozilla/5.0 (Windows NT 10.0; Win64; x64) AppleWebKit/537.36 (KHTML, like Gecko) Chrome/140.0.0.0 Safari/537.36','2025-09-28 00:13:45'),(497,22,'auth.logout','user','22',NULL,'::1','Mozilla/5.0 (Windows NT 10.0; Win64; x64) AppleWebKit/537.36 (KHTML, like Gecko) Chrome/140.0.0.0 Safari/537.36','2025-09-28 00:14:02'),(498,21,'auth.login_success','user','21',NULL,'::1','Mozilla/5.0 (Windows NT 10.0; Win64; x64) AppleWebKit/537.36 (KHTML, like Gecko) Chrome/140.0.0.0 Safari/537.36','2025-09-28 00:16:59'),(499,20,'auth.logout','user','20',NULL,'::1','Mozilla/5.0 (Windows NT 10.0; Win64; x64) AppleWebKit/537.36 (KHTML, like Gecko) Chrome/140.0.0.0 Safari/537.36','2025-09-28 02:06:55'),(500,82,'auth.logout','user','82',NULL,'::1','Mozilla/5.0 (Windows NT 10.0; Win64; x64) AppleWebKit/537.36 (KHTML, like Gecko) Chrome/140.0.0.0 Safari/537.36','2025-09-28 02:07:21'),(501,21,'auth.login_success','user','21',NULL,'::1','Mozilla/5.0 (Windows NT 10.0; Win64; x64) AppleWebKit/537.36 (KHTML, like Gecko) Chrome/140.0.0.0 Safari/537.36','2025-09-28 02:07:29'),(502,21,'auth.logout','user','21',NULL,'::1','Mozilla/5.0 (Windows NT 10.0; Win64; x64) AppleWebKit/537.36 (KHTML, like Gecko) Chrome/140.0.0.0 Safari/537.36','2025-09-28 02:09:36'),(503,22,'auth.login_success','user','22',NULL,'::1','Mozilla/5.0 (Windows NT 10.0; Win64; x64) AppleWebKit/537.36 (KHTML, like Gecko) Chrome/140.0.0.0 Safari/537.36','2025-09-28 02:09:42'),(504,22,'auth.logout','user','22',NULL,'::1','Mozilla/5.0 (Windows NT 10.0; Win64; x64) AppleWebKit/537.36 (KHTML, like Gecko) Chrome/140.0.0.0 Safari/537.36','2025-09-28 02:09:52'),(505,20,'auth.login_success','user','20',NULL,'::1','Mozilla/5.0 (Windows NT 10.0; Win64; x64) AppleWebKit/537.36 (KHTML, like Gecko) Chrome/140.0.0.0 Safari/537.36','2025-09-28 02:16:57'),(506,20,'auth.logout','user','20',NULL,'::1','Mozilla/5.0 (Windows NT 10.0; Win64; x64) AppleWebKit/537.36 (KHTML, like Gecko) Chrome/140.0.0.0 Safari/537.36','2025-09-28 02:50:09'),(507,20,'auth.login_success','user','20',NULL,'::1','Mozilla/5.0 (Windows NT 10.0; Win64; x64) AppleWebKit/537.36 (KHTML, like Gecko) Chrome/140.0.0.0 Safari/537.36','2025-09-28 02:58:50'),(508,20,'auth.logout','user','20',NULL,'::1','Mozilla/5.0 (Windows NT 10.0; Win64; x64) AppleWebKit/537.36 (KHTML, like Gecko) Chrome/140.0.0.0 Safari/537.36','2025-09-28 03:57:02'),(509,20,'auth.login_success','user','20',NULL,'::1','Mozilla/5.0 (Windows NT 10.0; Win64; x64) AppleWebKit/537.36 (KHTML, like Gecko) Chrome/140.0.0.0 Safari/537.36','2025-09-28 03:59:21'),(510,20,'activity.create','lesson_activity','88','{\"lesson_id\":35,\"title\":\"test\",\"type\":\"quiz\"}','::1','Mozilla/5.0 (Windows NT 10.0; Win64; x64) AppleWebKit/537.36 (KHTML, like Gecko) Chrome/140.0.0.0 Safari/537.36','2025-09-28 04:05:15'),(511,20,'activity.create','lesson_activity','89','{\"lesson_id\":35,\"title\":\"test\",\"type\":\"quiz\"}','::1','Mozilla/5.0 (Windows NT 10.0; Win64; x64) AppleWebKit/537.36 (KHTML, like Gecko) Chrome/140.0.0.0 Safari/537.36','2025-09-28 04:05:56'),(512,20,'activity.create','lesson_activity','90','{\"lesson_id\":35,\"title\":\"test\",\"type\":\"quiz\"}','::1','Mozilla/5.0 (Windows NT 10.0; Win64; x64) AppleWebKit/537.36 (KHTML, like Gecko) Chrome/140.0.0.0 Safari/537.36','2025-09-28 04:07:53'),(513,20,'activity.delete','lesson_activity','88',NULL,'::1','Mozilla/5.0 (Windows NT 10.0; Win64; x64) AppleWebKit/537.36 (KHTML, like Gecko) Chrome/140.0.0.0 Safari/537.36','2025-09-28 04:08:07'),(514,20,'activity.delete','lesson_activity','89',NULL,'::1','Mozilla/5.0 (Windows NT 10.0; Win64; x64) AppleWebKit/537.36 (KHTML, like Gecko) Chrome/140.0.0.0 Safari/537.36','2025-09-28 04:08:08'),(515,20,'activity.delete','lesson_activity','90',NULL,'::1','Mozilla/5.0 (Windows NT 10.0; Win64; x64) AppleWebKit/537.36 (KHTML, like Gecko) Chrome/140.0.0.0 Safari/537.36','2025-09-28 04:08:09'),(516,20,'activity.create','lesson_activity','91','{\"lesson_id\":35,\"title\":\"test\",\"type\":\"quiz\"}','::1','Mozilla/5.0 (Windows NT 10.0; Win64; x64) AppleWebKit/537.36 (KHTML, like Gecko) Chrome/140.0.0.0 Safari/537.36','2025-09-28 04:08:19'),(517,20,'activity.delete','lesson_activity','91',NULL,'::1','Mozilla/5.0 (Windows NT 10.0; Win64; x64) AppleWebKit/537.36 (KHTML, like Gecko) Chrome/140.0.0.0 Safari/537.36','2025-09-28 04:08:41'),(518,20,'activity.create','lesson_activity','92','{\"lesson_id\":35,\"title\":\"test\",\"type\":\"quiz\"}','::1','Mozilla/5.0 (Windows NT 10.0; Win64; x64) AppleWebKit/537.36 (KHTML, like Gecko) Chrome/140.0.0.0 Safari/537.36','2025-09-28 04:08:54'),(519,20,'activity.delete','lesson_activity','92',NULL,'::1','Mozilla/5.0 (Windows NT 10.0; Win64; x64) AppleWebKit/537.36 (KHTML, like Gecko) Chrome/140.0.0.0 Safari/537.36','2025-09-28 04:19:07'),(520,20,'activity.create','lesson_activity','94','{\"lesson_id\":35,\"title\":\"test\",\"type\":\"multiple_choice\"}','::1','Mozilla/5.0 (Windows NT 10.0; Win64; x64) AppleWebKit/537.36 (KHTML, like Gecko) Chrome/140.0.0.0 Safari/537.36','2025-09-28 04:19:38'),(521,20,'activity.create','lesson_activity','95','{\"lesson_id\":35,\"title\":\"test\",\"type\":\"multiple_choice\"}','::1','Mozilla/5.0 (Windows NT 10.0; Win64; x64) AppleWebKit/537.36 (KHTML, like Gecko) Chrome/140.0.0.0 Safari/537.36','2025-09-28 04:22:51'),(522,20,'activity.delete','lesson_activity','94',NULL,'::1','Mozilla/5.0 (Windows NT 10.0; Win64; x64) AppleWebKit/537.36 (KHTML, like Gecko) Chrome/140.0.0.0 Safari/537.36','2025-09-28 04:23:02'),(523,20,'activity.delete','lesson_activity','95',NULL,'::1','Mozilla/5.0 (Windows NT 10.0; Win64; x64) AppleWebKit/537.36 (KHTML, like Gecko) Chrome/140.0.0.0 Safari/537.36','2025-09-28 04:23:04'),(524,20,'activity.create','lesson_activity','96','{\"lesson_id\":35,\"title\":\"test\",\"type\":\"multiple_choice\"}','::1','Mozilla/5.0 (Windows NT 10.0; Win64; x64) AppleWebKit/537.36 (KHTML, like Gecko) Chrome/140.0.0.0 Safari/537.36','2025-09-28 04:41:15'),(525,20,'activity.delete','lesson_activity','96',NULL,'::1','Mozilla/5.0 (Windows NT 10.0; Win64; x64) AppleWebKit/537.36 (KHTML, like Gecko) Chrome/140.0.0.0 Safari/537.36','2025-09-28 04:41:28'),(526,20,'activity.create','lesson_activity','97','{\"lesson_id\":35,\"title\":\"test\",\"type\":\"multiple_choice\"}','::1','Mozilla/5.0 (Windows NT 10.0; Win64; x64) AppleWebKit/537.36 (KHTML, like Gecko) Chrome/140.0.0.0 Safari/537.36','2025-09-28 04:41:41'),(527,20,'activity.create','lesson_activity','98','{\"lesson_id\":35,\"title\":\"test\",\"type\":\"multiple_choice\"}','::1','Mozilla/5.0 (Windows NT 10.0; Win64; x64) AppleWebKit/537.36 (KHTML, like Gecko) Chrome/140.0.0.0 Safari/537.36','2025-09-28 04:46:45'),(528,20,'activity.create','lesson_activity','99','{\"lesson_id\":35,\"title\":\"test\",\"type\":\"multiple_choice\"}','::1','Mozilla/5.0 (Windows NT 10.0; Win64; x64) AppleWebKit/537.36 (KHTML, like Gecko) Chrome/140.0.0.0 Safari/537.36','2025-09-28 04:50:50'),(529,20,'activity.delete','lesson_activity','97',NULL,'::1','Mozilla/5.0 (Windows NT 10.0; Win64; x64) AppleWebKit/537.36 (KHTML, like Gecko) Chrome/140.0.0.0 Safari/537.36','2025-09-28 04:50:55'),(530,20,'activity.delete','lesson_activity','98',NULL,'::1','Mozilla/5.0 (Windows NT 10.0; Win64; x64) AppleWebKit/537.36 (KHTML, like Gecko) Chrome/140.0.0.0 Safari/537.36','2025-09-28 04:50:56'),(531,20,'activity.delete','lesson_activity','99',NULL,'::1','Mozilla/5.0 (Windows NT 10.0; Win64; x64) AppleWebKit/537.36 (KHTML, like Gecko) Chrome/140.0.0.0 Safari/537.36','2025-09-28 04:50:57'),(532,20,'activity.create','lesson_activity','100','{\"lesson_id\":35,\"title\":\"test\",\"type\":\"multiple_choice\"}','::1','Mozilla/5.0 (Windows NT 10.0; Win64; x64) AppleWebKit/537.36 (KHTML, like Gecko) Chrome/140.0.0.0 Safari/537.36','2025-09-28 04:51:08'),(533,20,'activity.create','lesson_activity','101','{\"lesson_id\":35,\"title\":\"test\",\"type\":\"multiple_choice\"}','::1','Mozilla/5.0 (Windows NT 10.0; Win64; x64) AppleWebKit/537.36 (KHTML, like Gecko) Chrome/140.0.0.0 Safari/537.36','2025-09-28 04:55:11'),(534,20,'activity.create','lesson_activity','102','{\"lesson_id\":35,\"title\":\"test\",\"type\":\"multiple_choice\"}','::1','Mozilla/5.0 (Windows NT 10.0; Win64; x64) AppleWebKit/537.36 (KHTML, like Gecko) Chrome/140.0.0.0 Safari/537.36','2025-09-28 04:59:38'),(535,20,'auth.logout','user','20',NULL,'::1','Mozilla/5.0 (Windows NT 10.0; Win64; x64) AppleWebKit/537.36 (KHTML, like Gecko) Chrome/140.0.0.0 Safari/537.36','2025-09-28 05:09:35'),(536,20,'auth.login_success','user','20',NULL,'::1','Mozilla/5.0 (Windows NT 10.0; Win64; x64) AppleWebKit/537.36 (KHTML, like Gecko) Chrome/140.0.0.0 Safari/537.36','2025-09-28 05:31:20'),(537,20,'auth.logout','user','20',NULL,'::1','Mozilla/5.0 (Windows NT 10.0; Win64; x64) AppleWebKit/537.36 (KHTML, like Gecko) Chrome/140.0.0.0 Safari/537.36','2025-09-28 05:37:44'),(538,82,'auth.logout','user','82',NULL,'::1','Mozilla/5.0 (Windows NT 10.0; Win64; x64) AppleWebKit/537.36 (KHTML, like Gecko) Chrome/140.0.0.0 Safari/537.36','2025-09-28 05:39:03'),(539,20,'auth.login_success','user','20',NULL,'::1','Mozilla/5.0 (Windows NT 10.0; Win64; x64) AppleWebKit/537.36 (KHTML, like Gecko) Chrome/140.0.0.0 Safari/537.36','2025-09-28 05:39:41'),(540,20,'activity.delete','lesson_activity','100',NULL,'::1','Mozilla/5.0 (Windows NT 10.0; Win64; x64) AppleWebKit/537.36 (KHTML, like Gecko) Chrome/140.0.0.0 Safari/537.36','2025-09-28 05:54:04'),(541,20,'activity.delete','lesson_activity','101',NULL,'::1','Mozilla/5.0 (Windows NT 10.0; Win64; x64) AppleWebKit/537.36 (KHTML, like Gecko) Chrome/140.0.0.0 Safari/537.36','2025-09-28 05:54:07'),(542,20,'activity.delete','lesson_activity','102',NULL,'::1','Mozilla/5.0 (Windows NT 10.0; Win64; x64) AppleWebKit/537.36 (KHTML, like Gecko) Chrome/140.0.0.0 Safari/537.36','2025-09-28 05:54:09'),(543,20,'activity.create','lesson_activity','103','{\"lesson_id\":35,\"title\":\"test\",\"type\":\"multiple_choice\"}','::1','Mozilla/5.0 (Windows NT 10.0; Win64; x64) AppleWebKit/537.36 (KHTML, like Gecko) Chrome/140.0.0.0 Safari/537.36','2025-09-28 05:54:25'),(544,20,'activity.delete','lesson_activity','103',NULL,'::1','Mozilla/5.0 (Windows NT 10.0; Win64; x64) AppleWebKit/537.36 (KHTML, like Gecko) Chrome/140.0.0.0 Safari/537.36','2025-09-28 05:59:59'),(545,20,'activity.create','lesson_activity','104','{\"lesson_id\":35,\"title\":\"test\",\"type\":\"multiple_choice\"}','::1','Mozilla/5.0 (Windows NT 10.0; Win64; x64) AppleWebKit/537.36 (KHTML, like Gecko) Chrome/140.0.0.0 Safari/537.36','2025-09-28 06:00:14'),(546,20,'activity.create','lesson_activity','105','{\"lesson_id\":35,\"title\":\"test\",\"type\":\"multiple_choice\"}','::1','Mozilla/5.0 (Windows NT 10.0; Win64; x64) AppleWebKit/537.36 (KHTML, like Gecko) Chrome/140.0.0.0 Safari/537.36','2025-09-28 06:04:28'),(547,20,'activity.delete','lesson_activity','104',NULL,'::1','Mozilla/5.0 (Windows NT 10.0; Win64; x64) AppleWebKit/537.36 (KHTML, like Gecko) Chrome/140.0.0.0 Safari/537.36','2025-09-28 06:05:30'),(548,20,'activity.delete','lesson_activity','105',NULL,'::1','Mozilla/5.0 (Windows NT 10.0; Win64; x64) AppleWebKit/537.36 (KHTML, like Gecko) Chrome/140.0.0.0 Safari/537.36','2025-09-28 06:05:31'),(549,20,'auth.logout','user','20',NULL,'::1','Mozilla/5.0 (Windows NT 10.0; Win64; x64) AppleWebKit/537.36 (KHTML, like Gecko) Chrome/140.0.0.0 Safari/537.36','2025-09-28 06:09:37'),(550,20,'auth.login_success','user','20',NULL,'::1','Mozilla/5.0 (Windows NT 10.0; Win64; x64) AppleWebKit/537.36 (KHTML, like Gecko) Chrome/140.0.0.0 Safari/537.36','2025-09-28 06:09:54'),(551,20,'activity.create','lesson_activity','106','{\"lesson_id\":26,\"title\":\"Test Activity 2025-09-27T22:10:09.070Z\",\"type\":\"multiple_choice\"}','::1','Mozilla/5.0 (Windows NT 10.0; Win64; x64) AppleWebKit/537.36 (KHTML, like Gecko) Chrome/140.0.0.0 Safari/537.36','2025-09-28 06:10:09'),(552,20,'activity.create','lesson_activity','107','{\"lesson_id\":26,\"title\":\"Test Activity 2025-09-27T22:12:22.592Z\",\"type\":\"multiple_choice\"}','::1','Mozilla/5.0 (Windows NT 10.0; Win64; x64) AppleWebKit/537.36 (KHTML, like Gecko) Chrome/140.0.0.0 Safari/537.36','2025-09-28 06:12:22'),(553,20,'activity.create','lesson_activity','108','{\"lesson_id\":26,\"title\":\"New Activity\",\"type\":\"multiple_choice\"}','::1','Mozilla/5.0 (Windows NT 10.0; Win64; x64) AppleWebKit/537.36 (KHTML, like Gecko) Chrome/140.0.0.0 Safari/537.36','2025-09-28 06:17:27'),(554,20,'activity.create','lesson_activity','109','{\"lesson_id\":26,\"title\":\"test1\",\"type\":\"multiple_choice\"}','::1','Mozilla/5.0 (Windows NT 10.0; Win64; x64) AppleWebKit/537.36 (KHTML, like Gecko) Chrome/140.0.0.0 Safari/537.36','2025-09-28 06:20:20'),(555,20,'activity.create','lesson_activity','110','{\"lesson_id\":35,\"title\":\"test1\",\"type\":\"multiple_choice\"}','::1','Mozilla/5.0 (Windows NT 10.0; Win64; x64) AppleWebKit/537.36 (KHTML, like Gecko) Chrome/140.0.0.0 Safari/537.36','2025-09-28 06:21:36'),(556,20,'activity.create','lesson_activity','111','{\"lesson_id\":35,\"title\":\"test12\",\"type\":\"multiple_choice\"}','::1','Mozilla/5.0 (Windows NT 10.0; Win64; x64) AppleWebKit/537.36 (KHTML, like Gecko) Chrome/140.0.0.0 Safari/537.36','2025-09-28 06:29:56'),(557,20,'auth.logout','user','20',NULL,'::1','Mozilla/5.0 (Windows NT 10.0; Win64; x64) AppleWebKit/537.36 (KHTML, like Gecko) Chrome/140.0.0.0 Safari/537.36','2025-09-29 00:12:33'),(558,82,'auth.logout','user','82',NULL,'::1','Mozilla/5.0 (Windows NT 10.0; Win64; x64) AppleWebKit/537.36 (KHTML, like Gecko) Chrome/140.0.0.0 Safari/537.36','2025-09-29 00:13:52'),(559,22,'auth.login_success','user','22',NULL,'::1','Mozilla/5.0 (Windows NT 10.0; Win64; x64) AppleWebKit/537.36 (KHTML, like Gecko) Chrome/140.0.0.0 Safari/537.36','2025-09-29 00:14:05'),(560,22,'auth.logout','user','22',NULL,'::1','Mozilla/5.0 (Windows NT 10.0; Win64; x64) AppleWebKit/537.36 (KHTML, like Gecko) Chrome/140.0.0.0 Safari/537.36','2025-09-29 00:14:44'),(561,20,'auth.login_success','user','20',NULL,'::1','Mozilla/5.0 (Windows NT 10.0; Win64; x64) AppleWebKit/537.36 (KHTML, like Gecko) Chrome/140.0.0.0 Safari/537.36','2025-09-29 00:14:50'),(562,20,'activity.delete','lesson_activity','110',NULL,'::1','Mozilla/5.0 (Windows NT 10.0; Win64; x64) AppleWebKit/537.36 (KHTML, like Gecko) Chrome/140.0.0.0 Safari/537.36','2025-09-29 00:15:14'),(563,20,'activity.delete','lesson_activity','111',NULL,'::1','Mozilla/5.0 (Windows NT 10.0; Win64; x64) AppleWebKit/537.36 (KHTML, like Gecko) Chrome/140.0.0.0 Safari/537.36','2025-09-29 00:15:16'),(564,22,'auth.login_success','user','22',NULL,'::1','Mozilla/5.0 (Windows NT 10.0; Win64; x64) AppleWebKit/537.36 (KHTML, like Gecko) Chrome/140.0.0.0 Safari/537.36','2025-09-29 01:14:23'),(565,20,'auth.logout','user','20',NULL,'::1','Mozilla/5.0 (Windows NT 10.0; Win64; x64) AppleWebKit/537.36 (KHTML, like Gecko) Chrome/140.0.0.0 Safari/537.36','2025-09-29 01:58:23'),(566,20,'auth.login_success','user','20',NULL,'::1','Mozilla/5.0 (Windows NT 10.0; Win64; x64) AppleWebKit/537.36 (KHTML, like Gecko) Chrome/140.0.0.0 Safari/537.36','2025-09-29 02:20:12'),(567,20,'activity.create','lesson_activity','112','{\"lesson_id\":35,\"title\":\"test1\",\"type\":\"coding\"}','::1','Mozilla/5.0 (Windows NT 10.0; Win64; x64) AppleWebKit/537.36 (KHTML, like Gecko) Chrome/140.0.0.0 Safari/537.36','2025-09-29 03:22:55'),(568,20,'activity.update','lesson_activity','112','{\"keys\":[\"action\",\"lesson_id\",\"type\",\"title\",\"max_score\",\"id\",\"instructions\"]}','::1','Mozilla/5.0 (Windows NT 10.0; Win64; x64) AppleWebKit/537.36 (KHTML, like Gecko) Chrome/140.0.0.0 Safari/537.36','2025-09-29 03:57:49'),(569,20,'activity.update','lesson_activity','112','{\"keys\":[\"action\",\"lesson_id\",\"type\",\"title\",\"max_score\",\"id\",\"instructions\"]}','::1','Mozilla/5.0 (Windows NT 10.0; Win64; x64) AppleWebKit/537.36 (KHTML, like Gecko) Chrome/140.0.0.0 Safari/537.36','2025-09-29 03:58:03'),(570,20,'activity.create','lesson_activity','113','{\"lesson_id\":35,\"title\":\"test2\",\"type\":\"coding\"}','::1','Mozilla/5.0 (Windows NT 10.0; Win64; x64) AppleWebKit/537.36 (KHTML, like Gecko) Chrome/140.0.0.0 Safari/537.36','2025-09-29 04:06:42'),(571,20,'activity.create','lesson_activity','114','{\"lesson_id\":35,\"title\":\"test2\",\"type\":\"coding\"}','::1','Mozilla/5.0 (Windows NT 10.0; Win64; x64) AppleWebKit/537.36 (KHTML, like Gecko) Chrome/140.0.0.0 Safari/537.36','2025-09-29 04:06:51'),(572,20,'activity.create','lesson_activity','115','{\"lesson_id\":35,\"title\":\"test2\",\"type\":\"coding\"}','::1','Mozilla/5.0 (Windows NT 10.0; Win64; x64) AppleWebKit/537.36 (KHTML, like Gecko) Chrome/140.0.0.0 Safari/537.36','2025-09-29 04:07:09'),(573,20,'activity.delete','lesson_activity','112',NULL,'::1','Mozilla/5.0 (Windows NT 10.0; Win64; x64) AppleWebKit/537.36 (KHTML, like Gecko) Chrome/140.0.0.0 Safari/537.36','2025-09-29 04:54:58'),(574,20,'activity.delete','lesson_activity','113',NULL,'::1','Mozilla/5.0 (Windows NT 10.0; Win64; x64) AppleWebKit/537.36 (KHTML, like Gecko) Chrome/140.0.0.0 Safari/537.36','2025-09-29 04:55:08'),(575,20,'activity.delete','lesson_activity','114',NULL,'::1','Mozilla/5.0 (Windows NT 10.0; Win64; x64) AppleWebKit/537.36 (KHTML, like Gecko) Chrome/140.0.0.0 Safari/537.36','2025-09-29 04:55:09'),(576,20,'activity.delete','lesson_activity','115',NULL,'::1','Mozilla/5.0 (Windows NT 10.0; Win64; x64) AppleWebKit/537.36 (KHTML, like Gecko) Chrome/140.0.0.0 Safari/537.36','2025-09-29 04:55:10'),(577,20,'activity.create','lesson_activity','116','{\"lesson_id\":35,\"title\":\"Sum of Two Integers\",\"type\":\"coding\"}','::1','Mozilla/5.0 (Windows NT 10.0; Win64; x64) AppleWebKit/537.36 (KHTML, like Gecko) Chrome/140.0.0.0 Safari/537.36','2025-09-29 04:56:38'),(578,20,'activity.create','lesson_activity','117','{\"lesson_id\":35,\"title\":\"Sum of Two Integers\",\"type\":\"coding\"}','::1','Mozilla/5.0 (Windows NT 10.0; Win64; x64) AppleWebKit/537.36 (KHTML, like Gecko) Chrome/140.0.0.0 Safari/537.36','2025-09-29 04:58:44'),(579,20,'activity.create','lesson_activity','118','{\"lesson_id\":35,\"title\":\"Sum of Two Integers\",\"type\":\"coding\"}','::1','Mozilla/5.0 (Windows NT 10.0; Win64; x64) AppleWebKit/537.36 (KHTML, like Gecko) Chrome/140.0.0.0 Safari/537.36','2025-09-29 04:58:56'),(580,20,'activity.delete','lesson_activity','117',NULL,'::1','Mozilla/5.0 (Windows NT 10.0; Win64; x64) AppleWebKit/537.36 (KHTML, like Gecko) Chrome/140.0.0.0 Safari/537.36','2025-09-29 05:08:44'),(581,20,'activity.delete','lesson_activity','118',NULL,'::1','Mozilla/5.0 (Windows NT 10.0; Win64; x64) AppleWebKit/537.36 (KHTML, like Gecko) Chrome/140.0.0.0 Safari/537.36','2025-09-29 05:08:45'),(582,20,'activity.delete','lesson_activity','116',NULL,'::1','Mozilla/5.0 (Windows NT 10.0; Win64; x64) AppleWebKit/537.36 (KHTML, like Gecko) Chrome/140.0.0.0 Safari/537.36','2025-09-29 05:18:20'),(583,20,'activity.create','lesson_activity','119','{\"lesson_id\":35,\"title\":\"Sum of Two Integers1\",\"type\":\"coding\"}','::1','Mozilla/5.0 (Windows NT 10.0; Win64; x64) AppleWebKit/537.36 (KHTML, like Gecko) Chrome/140.0.0.0 Safari/537.36','2025-09-29 05:29:53'),(584,20,'material.reorder','lesson_material',NULL,'{\"lesson_id\":\"26\",\"order\":[\"23\"]}','::1','Mozilla/5.0 (Windows NT 10.0; Win64; x64) AppleWebKit/537.36 (KHTML, like Gecko) Chrome/140.0.0.0 Safari/537.36','2025-09-29 22:39:30'),(585,20,'auth.logout','user','20',NULL,'::1','Mozilla/5.0 (Windows NT 10.0; Win64; x64) AppleWebKit/537.36 (KHTML, like Gecko) Chrome/140.0.0.0 Safari/537.36','2025-09-29 22:41:47'),(586,21,'auth.login_success','user','21',NULL,'::1','Mozilla/5.0 (Windows NT 10.0; Win64; x64) AppleWebKit/537.36 (KHTML, like Gecko) Chrome/140.0.0.0 Safari/537.36','2025-09-29 22:42:04'),(587,21,'auth.logout','user','21',NULL,'::1','Mozilla/5.0 (Windows NT 10.0; Win64; x64) AppleWebKit/537.36 (KHTML, like Gecko) Chrome/140.0.0.0 Safari/537.36','2025-09-29 22:44:02'),(588,82,'auth.logout','user','82',NULL,'::1','Mozilla/5.0 (Windows NT 10.0; Win64; x64) AppleWebKit/537.36 (KHTML, like Gecko) Chrome/140.0.0.0 Safari/537.36','2025-09-29 22:44:57'),(589,21,'auth.login_success','user','21',NULL,'::1','Mozilla/5.0 (Windows NT 10.0; Win64; x64) AppleWebKit/537.36 (KHTML, like Gecko) Chrome/140.0.0.0 Safari/537.36','2025-09-29 22:45:06'),(590,21,'auth.logout','user','21',NULL,'::1','Mozilla/5.0 (Windows NT 10.0; Win64; x64) AppleWebKit/537.36 (KHTML, like Gecko) Chrome/140.0.0.0 Safari/537.36','2025-09-29 22:47:30'),(591,22,'auth.login_success','user','22',NULL,'::1','Mozilla/5.0 (Windows NT 10.0; Win64; x64) AppleWebKit/537.36 (KHTML, like Gecko) Chrome/140.0.0.0 Safari/537.36','2025-09-29 22:47:37'),(592,22,'auth.logout','user','22',NULL,'::1','Mozilla/5.0 (Windows NT 10.0; Win64; x64) AppleWebKit/537.36 (KHTML, like Gecko) Chrome/140.0.0.0 Safari/537.36','2025-09-29 22:48:51'),(593,21,'auth.login_success','user','21',NULL,'::1','Mozilla/5.0 (Windows NT 10.0; Win64; x64) AppleWebKit/537.36 (KHTML, like Gecko) Chrome/140.0.0.0 Safari/537.36','2025-09-29 22:51:00'),(594,20,'auth.login_success','user','20',NULL,'::1','Mozilla/5.0 (Windows NT 10.0; Win64; x64) AppleWebKit/537.36 (KHTML, like Gecko) Chrome/140.0.0.0 Safari/537.36','2025-09-29 22:51:41'),(595,21,'auth.logout','user','21',NULL,'::1','Mozilla/5.0 (Windows NT 10.0; Win64; x64) AppleWebKit/537.36 (KHTML, like Gecko) Chrome/140.0.0.0 Safari/537.36','2025-09-29 23:16:25'),(596,20,'auth.login_success','user','20',NULL,'::1','Mozilla/5.0 (Windows NT 10.0; Win64; x64) AppleWebKit/537.36 (KHTML, like Gecko) Chrome/140.0.0.0 Safari/537.36','2025-09-29 23:16:35'),(597,20,'activity.create','lesson_activity','120','{\"lesson_id\":35,\"title\":\"SUM\",\"type\":\"coding\"}','::1','Mozilla/5.0 (Windows NT 10.0; Win64; x64) AppleWebKit/537.36 (KHTML, like Gecko) Chrome/140.0.0.0 Safari/537.36','2025-09-29 23:53:02'),(598,20,'activity.delete','lesson_activity','120',NULL,'::1','Mozilla/5.0 (Windows NT 10.0; Win64; x64) AppleWebKit/537.36 (KHTML, like Gecko) Chrome/140.0.0.0 Safari/537.36','2025-09-29 23:53:54'),(599,20,'activity.create','lesson_activity','121','{\"lesson_id\":35,\"title\":\"SUM\",\"type\":\"coding\"}','::1','Mozilla/5.0 (Windows NT 10.0; Win64; x64) AppleWebKit/537.36 (KHTML, like Gecko) Chrome/140.0.0.0 Safari/537.36','2025-09-29 23:54:46'),(600,20,'activity.create','lesson_activity','122','{\"lesson_id\":35,\"title\":\"SUM1\",\"type\":\"coding\"}','::1','Mozilla/5.0 (Windows NT 10.0; Win64; x64) AppleWebKit/537.36 (KHTML, like Gecko) Chrome/140.0.0.0 Safari/537.36','2025-09-29 23:55:49'),(601,20,'activity.delete','lesson_activity','122',NULL,'::1','Mozilla/5.0 (Windows NT 10.0; Win64; x64) AppleWebKit/537.36 (KHTML, like Gecko) Chrome/140.0.0.0 Safari/537.36','2025-09-29 23:56:19'),(602,20,'activity.delete','lesson_activity','121',NULL,'::1','Mozilla/5.0 (Windows NT 10.0; Win64; x64) AppleWebKit/537.36 (KHTML, like Gecko) Chrome/140.0.0.0 Safari/537.36','2025-09-29 23:56:21'),(603,20,'auth.logout','user','20',NULL,'::1','Mozilla/5.0 (Windows NT 10.0; Win64; x64) AppleWebKit/537.36 (KHTML, like Gecko) Chrome/140.0.0.0 Safari/537.36','2025-09-30 00:22:21'),(604,20,'auth.login_success','user','20',NULL,'::1','Mozilla/5.0 (Windows NT 10.0; Win64; x64) AppleWebKit/537.36 (KHTML, like Gecko) Chrome/140.0.0.0 Safari/537.36','2025-09-30 01:38:13'),(605,20,'activity.create','lesson_activity','123','{\"lesson_id\":35,\"title\":\"TEST\",\"type\":\"coding\"}','::1','Mozilla/5.0 (Windows NT 10.0; Win64; x64) AppleWebKit/537.36 (KHTML, like Gecko) Chrome/140.0.0.0 Safari/537.36','2025-09-30 01:41:11'),(606,20,'activity.delete','lesson_activity','123',NULL,'::1','Mozilla/5.0 (Windows NT 10.0; Win64; x64) AppleWebKit/537.36 (KHTML, like Gecko) Chrome/140.0.0.0 Safari/537.36','2025-09-30 01:44:19'),(607,20,'activity.create','lesson_activity','124','{\"lesson_id\":35,\"title\":\"TEST2\",\"type\":\"coding\"}','::1','Mozilla/5.0 (Windows NT 10.0; Win64; x64) AppleWebKit/537.36 (KHTML, like Gecko) Chrome/140.0.0.0 Safari/537.36','2025-09-30 01:44:43'),(608,20,'auth.logout','user','20',NULL,'::1','Mozilla/5.0 (Windows NT 10.0; Win64; x64) AppleWebKit/537.36 (KHTML, like Gecko) Chrome/140.0.0.0 Safari/537.36','2025-09-30 02:32:29'),(609,21,'auth.login_success','user','21',NULL,'::1','Mozilla/5.0 (Windows NT 10.0; Win64; x64) AppleWebKit/537.36 (KHTML, like Gecko) Chrome/140.0.0.0 Safari/537.36','2025-09-30 02:32:37');
/*!40000 ALTER TABLE `audit_logs` ENABLE KEYS */;
UNLOCK TABLES;

--
-- Table structure for table `authorized_ids`
--

DROP TABLE IF EXISTS `authorized_ids`;
/*!40101 SET @saved_cs_client     = @@character_set_client */;
/*!40101 SET character_set_client = utf8 */;
CREATE TABLE `authorized_ids` (
  `id` int(11) NOT NULL AUTO_INCREMENT,
  `id_number` varchar(20) NOT NULL,
  `status` varchar(20) NOT NULL DEFAULT 'active',
  `created_at` timestamp NOT NULL DEFAULT current_timestamp(),
  `updated_at` timestamp NOT NULL DEFAULT current_timestamp() ON UPDATE current_timestamp(),
  PRIMARY KEY (`id`),
  UNIQUE KEY `id_number` (`id_number`)
) ENGINE=InnoDB AUTO_INCREMENT=33 DEFAULT CHARSET=utf8mb4 COLLATE=utf8mb4_general_ci;
/*!40101 SET character_set_client = @saved_cs_client */;

--
-- Dumping data for table `authorized_ids`
--

LOCK TABLES `authorized_ids` WRITE;
/*!40000 ALTER TABLE `authorized_ids` DISABLE KEYS */;
INSERT INTO `authorized_ids` VALUES (1,'KLD-22-000123','used','2025-06-06 09:42:01','2025-09-23 14:27:25'),(2,'KLD-22-000124','used','2025-06-06 09:42:01','2025-06-16 16:49:17'),(3,'KLD-22-000125','used','2025-06-06 09:42:01','2025-06-16 16:52:34'),(4,'KLD-22-000126','used','2025-06-06 11:13:38','2025-09-11 20:01:24'),(5,'KLD-22-000128','active','2025-06-17 06:58:27','2025-09-11 19:33:31'),(6,'KLD-22-000129','active','2025-06-17 07:52:28','2025-08-19 17:28:26'),(7,'KLD-22-000130','active','2025-06-17 07:52:28','2025-08-19 17:28:26'),(8,'KLD-22-000131','active','2025-06-17 07:52:28','2025-08-19 17:28:26'),(9,'KLD-22-000132','active','2025-06-17 07:52:28','2025-06-17 07:52:28'),(10,'KLD-22-000133','active','2025-06-17 07:52:28','2025-06-17 07:52:28'),(25,'KLD-22-000134','active','2025-08-20 10:00:00','2025-09-11 19:41:02'),(27,'KLD-22-000135','active','2025-09-05 17:47:21','2025-09-05 17:47:21'),(28,'KLD-22-000136','active','2025-09-05 17:47:21','2025-09-11 19:41:02'),(30,'KLD-22-000137','active','2025-09-11 19:01:10','2025-09-11 19:52:10'),(32,'KLD-22-000138','active','2025-09-11 19:35:54','2025-09-11 19:52:10');
/*!40000 ALTER TABLE `authorized_ids` ENABLE KEYS */;
UNLOCK TABLES;

--
-- Table structure for table `class_students`
--

DROP TABLE IF EXISTS `class_students`;
/*!40101 SET @saved_cs_client     = @@character_set_client */;
/*!40101 SET character_set_client = utf8 */;
CREATE TABLE `class_students` (
  `id` int(11) NOT NULL AUTO_INCREMENT,
  `class_id` int(11) NOT NULL,
  `student_user_id` int(11) NOT NULL,
  `joined_at` datetime DEFAULT current_timestamp(),
  PRIMARY KEY (`id`),
  UNIQUE KEY `uniq_class_student` (`class_id`,`student_user_id`),
  CONSTRAINT `class_students_ibfk_1` FOREIGN KEY (`class_id`) REFERENCES `classes` (`id`) ON DELETE CASCADE
) ENGINE=InnoDB DEFAULT CHARSET=utf8mb4 COLLATE=utf8mb4_general_ci;
/*!40101 SET character_set_client = @saved_cs_client */;

--
-- Dumping data for table `class_students`
--

LOCK TABLES `class_students` WRITE;
/*!40000 ALTER TABLE `class_students` DISABLE KEYS */;
/*!40000 ALTER TABLE `class_students` ENABLE KEYS */;
UNLOCK TABLES;

--
-- Table structure for table `classes`
--

DROP TABLE IF EXISTS `classes`;
/*!40101 SET @saved_cs_client     = @@character_set_client */;
/*!40101 SET character_set_client = utf8 */;
CREATE TABLE `classes` (
  `id` int(11) NOT NULL AUTO_INCREMENT,
  `code` varchar(20) NOT NULL,
  `name` varchar(255) NOT NULL,
  `course_id` int(11) DEFAULT NULL,
  `owner_user_id` int(11) NOT NULL,
  `class_type` enum('lecture','laboratory') DEFAULT 'lecture',
  `status` enum('active','archived') DEFAULT 'active',
  `created_at` datetime DEFAULT current_timestamp(),
  `updated_at` datetime DEFAULT current_timestamp() ON UPDATE current_timestamp(),
  PRIMARY KEY (`id`),
  UNIQUE KEY `code` (`code`)
) ENGINE=InnoDB AUTO_INCREMENT=8 DEFAULT CHARSET=utf8mb4 COLLATE=utf8mb4_general_ci;
/*!40101 SET character_set_client = @saved_cs_client */;

--
-- Dumping data for table `classes`
--

LOCK TABLES `classes` WRITE;
/*!40000 ALTER TABLE `classes` DISABLE KEYS */;
INSERT INTO `classes` VALUES (2,'CR-D9877DK','BSIS101',19,21,'lecture','active','2025-09-19 09:43:23','2025-09-19 09:43:23'),(3,'CR-E89B82G','BSIS102',20,21,'laboratory','active','2025-09-19 14:48:27','2025-09-19 14:48:27'),(6,'CR-25NJUEE','BSIS103',19,21,'lecture','active','2025-09-19 17:38:29','2025-09-19 17:38:29'),(7,'CR-R5DBC6B','BSIS101',20,21,'laboratory','active','2025-09-19 18:03:04','2025-09-19 18:03:04');
/*!40000 ALTER TABLE `classes` ENABLE KEYS */;
UNLOCK TABLES;

--
-- Table structure for table `course_lessons`
--

DROP TABLE IF EXISTS `course_lessons`;
/*!40101 SET @saved_cs_client     = @@character_set_client */;
/*!40101 SET character_set_client = utf8 */;
CREATE TABLE `course_lessons` (
  `id` int(11) NOT NULL AUTO_INCREMENT,
  `module_id` int(11) NOT NULL,
  `title` varchar(255) NOT NULL,
  `summary` text DEFAULT NULL,
  `duration_minutes` int(11) DEFAULT NULL,
  `position` int(11) NOT NULL DEFAULT 1,
  PRIMARY KEY (`id`),
  KEY `module_id` (`module_id`),
  CONSTRAINT `course_lessons_ibfk_1` FOREIGN KEY (`module_id`) REFERENCES `course_modules` (`id`) ON DELETE CASCADE
) ENGINE=InnoDB AUTO_INCREMENT=37 DEFAULT CHARSET=utf8mb4 COLLATE=utf8mb4_general_ci;
/*!40101 SET character_set_client = @saved_cs_client */;

--
-- Dumping data for table `course_lessons`
--

LOCK TABLES `course_lessons` WRITE;
/*!40000 ALTER TABLE `course_lessons` DISABLE KEYS */;
INSERT INTO `course_lessons` VALUES (26,24,'The Computer Systems',NULL,NULL,1),(27,24,'Analog vs. Digital Computers',NULL,NULL,2),(28,24,'Programming Languages',NULL,NULL,3),(29,24,'Scripting Languages',NULL,NULL,4),(30,24,'Programming Paradigm',NULL,NULL,5),(31,24,'Number Systems',NULL,NULL,6),(32,24,'Number System Conversion',NULL,NULL,7),(33,25,'Problem Solving and Software Development',NULL,NULL,1),(35,28,'test1',NULL,NULL,1);
/*!40000 ALTER TABLE `course_lessons` ENABLE KEYS */;
UNLOCK TABLES;

--
-- Table structure for table `course_modules`
--

DROP TABLE IF EXISTS `course_modules`;
/*!40101 SET @saved_cs_client     = @@character_set_client */;
/*!40101 SET character_set_client = utf8 */;
CREATE TABLE `course_modules` (
  `id` int(11) NOT NULL AUTO_INCREMENT,
  `course_id` int(11) NOT NULL,
  `title` varchar(255) NOT NULL,
  `position` int(11) NOT NULL DEFAULT 1,
  `description` varchar(500) DEFAULT NULL,
  PRIMARY KEY (`id`),
  KEY `course_id` (`course_id`),
  CONSTRAINT `course_modules_ibfk_1` FOREIGN KEY (`course_id`) REFERENCES `courses` (`id`) ON DELETE CASCADE
) ENGINE=InnoDB AUTO_INCREMENT=42 DEFAULT CHARSET=utf8mb4 COLLATE=utf8mb4_general_ci;
/*!40101 SET character_set_client = @saved_cs_client */;

--
-- Dumping data for table `course_modules`
--

LOCK TABLES `course_modules` WRITE;
/*!40000 ALTER TABLE `course_modules` DISABLE KEYS */;
INSERT INTO `course_modules` VALUES (24,21,'Module 1 - Introduction to Computer Programming',1,''),(25,21,'Module 2 -Problem Solving and  Software Development',2,''),(28,22,'Module 1 test',1,'');
/*!40000 ALTER TABLE `course_modules` ENABLE KEYS */;
UNLOCK TABLES;

--
-- Table structure for table `course_teachers`
--

DROP TABLE IF EXISTS `course_teachers`;
/*!40101 SET @saved_cs_client     = @@character_set_client */;
/*!40101 SET character_set_client = utf8 */;
CREATE TABLE `course_teachers` (
  `id` int(11) NOT NULL AUTO_INCREMENT,
  `course_id` int(11) NOT NULL,
  `user_id` int(11) NOT NULL,
  PRIMARY KEY (`id`),
  UNIQUE KEY `uniq_course_user` (`course_id`,`user_id`),
  CONSTRAINT `course_teachers_ibfk_1` FOREIGN KEY (`course_id`) REFERENCES `courses` (`id`) ON DELETE CASCADE
) ENGINE=InnoDB AUTO_INCREMENT=3 DEFAULT CHARSET=utf8mb4 COLLATE=utf8mb4_general_ci;
/*!40101 SET character_set_client = @saved_cs_client */;

--
-- Dumping data for table `course_teachers`
--

LOCK TABLES `course_teachers` WRITE;
/*!40000 ALTER TABLE `course_teachers` DISABLE KEYS */;
/*!40000 ALTER TABLE `course_teachers` ENABLE KEYS */;
UNLOCK TABLES;

--
-- Table structure for table `courses`
--

DROP TABLE IF EXISTS `courses`;
/*!40101 SET @saved_cs_client     = @@character_set_client */;
/*!40101 SET character_set_client = utf8 */;
CREATE TABLE `courses` (
  `id` int(11) NOT NULL AUTO_INCREMENT,
  `code` varchar(50) DEFAULT NULL,
  `title` varchar(255) NOT NULL,
  `description` text DEFAULT NULL,
  `cover_url` varchar(255) DEFAULT NULL,
  `status` enum('draft','published','archived') DEFAULT 'draft',
  `owner_user_id` int(11) DEFAULT NULL,
  `published_at` datetime DEFAULT NULL,
  `updated_at` datetime DEFAULT current_timestamp() ON UPDATE current_timestamp(),
  `created_at` datetime DEFAULT current_timestamp(),
  `visibility` enum('assigned','all_teachers') DEFAULT 'assigned',
  `archived` tinyint(1) NOT NULL DEFAULT 0,
  `course_type` enum('lecture','laboratory') DEFAULT 'lecture',
  `language` varchar(50) DEFAULT NULL,
  PRIMARY KEY (`id`),
  UNIQUE KEY `code` (`code`)
) ENGINE=InnoDB AUTO_INCREMENT=26 DEFAULT CHARSET=utf8mb4 COLLATE=utf8mb4_general_ci;
/*!40101 SET character_set_client = @saved_cs_client */;

--
-- Dumping data for table `courses`
--

LOCK TABLES `courses` WRITE;
/*!40000 ALTER TABLE `courses` DISABLE KEYS */;
INSERT INTO `courses` VALUES (21,'COMP102','Computer Programming 1','Course Description',NULL,'draft',20,NULL,'2025-09-29 23:18:51','2025-09-21 05:23:46','assigned',0,'lecture','Java'),(22,'COMP102L','Computer Programming 1','Java Programming Language',NULL,'draft',20,NULL,'2025-09-29 23:19:02','2025-09-23 01:23:04','assigned',0,'lecture','Java');
/*!40000 ALTER TABLE `courses` ENABLE KEYS */;
UNLOCK TABLES;

--
-- Table structure for table `exercise_questions`
--

DROP TABLE IF EXISTS `exercise_questions`;
/*!40101 SET @saved_cs_client     = @@character_set_client */;
/*!40101 SET character_set_client = utf8 */;
CREATE TABLE `exercise_questions` (
  `id` int(11) NOT NULL AUTO_INCREMENT,
  `exercise_id` int(11) NOT NULL,
  `question_text` text NOT NULL,
  `question_type` enum('multiple_choice','true_false','short_answer','essay') DEFAULT 'multiple_choice',
  `options` longtext CHARACTER SET utf8mb4 COLLATE utf8mb4_bin DEFAULT NULL CHECK (json_valid(`options`)),
  `correct_answer` text DEFAULT NULL,
  `points` int(11) DEFAULT 1,
  `position` int(11) NOT NULL DEFAULT 1,
  PRIMARY KEY (`id`),
  KEY `exercise_id` (`exercise_id`),
  CONSTRAINT `exercise_questions_ibfk_1` FOREIGN KEY (`exercise_id`) REFERENCES `exercises` (`id`) ON DELETE CASCADE
) ENGINE=InnoDB DEFAULT CHARSET=utf8mb4 COLLATE=utf8mb4_general_ci;
/*!40101 SET character_set_client = @saved_cs_client */;

--
-- Dumping data for table `exercise_questions`
--

LOCK TABLES `exercise_questions` WRITE;
/*!40000 ALTER TABLE `exercise_questions` DISABLE KEYS */;
/*!40000 ALTER TABLE `exercise_questions` ENABLE KEYS */;
UNLOCK TABLES;

--
-- Table structure for table `exercise_test_cases`
--

DROP TABLE IF EXISTS `exercise_test_cases`;
/*!40101 SET @saved_cs_client     = @@character_set_client */;
/*!40101 SET character_set_client = utf8 */;
CREATE TABLE `exercise_test_cases` (
  `id` int(11) NOT NULL AUTO_INCREMENT,
  `exercise_id` int(11) NOT NULL,
  `input_data` text DEFAULT NULL,
  `expected_output` text DEFAULT NULL,
  `is_sample` tinyint(1) DEFAULT 0,
  `points` int(11) DEFAULT 1,
  `position` int(11) NOT NULL DEFAULT 1,
  PRIMARY KEY (`id`),
  KEY `exercise_id` (`exercise_id`),
  CONSTRAINT `exercise_test_cases_ibfk_1` FOREIGN KEY (`exercise_id`) REFERENCES `exercises` (`id`) ON DELETE CASCADE
) ENGINE=InnoDB DEFAULT CHARSET=utf8mb4 COLLATE=utf8mb4_general_ci;
/*!40101 SET character_set_client = @saved_cs_client */;

--
-- Dumping data for table `exercise_test_cases`
--

LOCK TABLES `exercise_test_cases` WRITE;
/*!40000 ALTER TABLE `exercise_test_cases` DISABLE KEYS */;
/*!40000 ALTER TABLE `exercise_test_cases` ENABLE KEYS */;
UNLOCK TABLES;

--
-- Table structure for table `exercises`
--

DROP TABLE IF EXISTS `exercises`;
/*!40101 SET @saved_cs_client     = @@character_set_client */;
/*!40101 SET character_set_client = utf8 */;
CREATE TABLE `exercises` (
  `id` int(11) NOT NULL AUTO_INCREMENT,
  `course_id` int(11) NOT NULL,
  `module_id` int(11) DEFAULT NULL,
  `title` varchar(255) NOT NULL,
  `description` text DEFAULT NULL,
  `exercise_type` enum('lecture','laboratory','both') DEFAULT 'both',
  `content_type` enum('quiz','coding','assignment','presentation','discussion') DEFAULT 'quiz',
  `instructions` mediumtext DEFAULT NULL,
  `max_score` int(11) DEFAULT 100,
  `time_limit_minutes` int(11) DEFAULT NULL,
  `position` int(11) NOT NULL DEFAULT 1,
  `is_active` tinyint(1) DEFAULT 1,
  `created_at` datetime DEFAULT current_timestamp(),
  `updated_at` datetime DEFAULT current_timestamp() ON UPDATE current_timestamp(),
  PRIMARY KEY (`id`),
  KEY `course_id` (`course_id`),
  KEY `module_id` (`module_id`),
  CONSTRAINT `exercises_ibfk_1` FOREIGN KEY (`course_id`) REFERENCES `courses` (`id`) ON DELETE CASCADE,
  CONSTRAINT `exercises_ibfk_2` FOREIGN KEY (`module_id`) REFERENCES `course_modules` (`id`) ON DELETE SET NULL
) ENGINE=InnoDB DEFAULT CHARSET=utf8mb4 COLLATE=utf8mb4_general_ci;
/*!40101 SET character_set_client = @saved_cs_client */;

--
-- Dumping data for table `exercises`
--

LOCK TABLES `exercises` WRITE;
/*!40000 ALTER TABLE `exercises` DISABLE KEYS */;
/*!40000 ALTER TABLE `exercises` ENABLE KEYS */;
UNLOCK TABLES;

--
-- Table structure for table `lesson_activities`
--

DROP TABLE IF EXISTS `lesson_activities`;
/*!40101 SET @saved_cs_client     = @@character_set_client */;
/*!40101 SET character_set_client = utf8 */;
CREATE TABLE `lesson_activities` (
  `id` int(11) NOT NULL AUTO_INCREMENT,
  `lesson_id` int(11) NOT NULL,
  `type` enum('lecture','laboratory','quiz','assignment','coding','multiple_choice','true_false','matching','identification') NOT NULL DEFAULT 'lecture',
  `title` varchar(255) NOT NULL,
  `instructions` mediumtext DEFAULT NULL,
  `due_at` datetime DEFAULT NULL,
  `max_score` int(11) DEFAULT 100,
  `position` int(11) NOT NULL DEFAULT 1,
  `estimated_time` int(11) DEFAULT NULL,
  `learning_objectives` text DEFAULT NULL,
  `prerequisites` text DEFAULT NULL,
  `solution_code` longtext DEFAULT NULL,
  `submission_limit` int(11) DEFAULT 5,
  `visibility_status` enum('draft','published','archived') DEFAULT 'draft',
  `tags` varchar(500) DEFAULT NULL,
  `memory_limit` int(11) DEFAULT 128,
  `cpu_time_limit` int(11) DEFAULT 5,
  PRIMARY KEY (`id`),
  UNIQUE KEY `unique_activity_per_lesson` (`lesson_id`,`type`,`title`),
  CONSTRAINT `lesson_activities_ibfk_1` FOREIGN KEY (`lesson_id`) REFERENCES `course_lessons` (`id`) ON DELETE CASCADE
) ENGINE=InnoDB AUTO_INCREMENT=125 DEFAULT CHARSET=utf8mb4 COLLATE=utf8mb4_general_ci;
/*!40101 SET character_set_client = @saved_cs_client */;

--
-- Dumping data for table `lesson_activities`
--

LOCK TABLES `lesson_activities` WRITE;
/*!40000 ALTER TABLE `lesson_activities` DISABLE KEYS */;
INSERT INTO `lesson_activities` VALUES (119,35,'coding','Sum of Two Integers1','{\"language\":\"cpp\",\"instructions\":\"“Read two integers A and B. Output A+B.”\",\"problemStatement\":\"\",\"starterCode\":\"\",\"difficulty\":\"beginner\",\"expectedOutput\":\"\",\"additionalRequirements\":\"\",\"hints\":\"\",\"timeLimit\":60}',NULL,100,1,NULL,NULL,NULL,NULL,5,'draft',NULL,128,5),(124,35,'coding','TEST2','{\"language\":\"cpp\",\"instructions\":\"TEST2\",\"problemStatement\":\"TEST2\",\"starterCode\":\"TEST\",\"difficulty\":\"beginner\",\"expectedOutput\":\"TEST2\",\"additionalRequirements\":\"TEST2\",\"hints\":\"TEST2\",\"timeLimit\":60}',NULL,100,2,NULL,NULL,NULL,NULL,5,'draft',NULL,128,5);
/*!40000 ALTER TABLE `lesson_activities` ENABLE KEYS */;
UNLOCK TABLES;

--
-- Table structure for table `lesson_materials`
--

DROP TABLE IF EXISTS `lesson_materials`;
/*!40101 SET @saved_cs_client     = @@character_set_client */;
/*!40101 SET character_set_client = utf8 */;
CREATE TABLE `lesson_materials` (
  `id` int(11) NOT NULL AUTO_INCREMENT,
  `lesson_id` int(11) NOT NULL,
  `type` enum('pdf','video','link','code','file') NOT NULL,
  `url` varchar(255) DEFAULT NULL,
  `filename` varchar(255) DEFAULT NULL,
  `size_bytes` bigint(20) DEFAULT NULL,
  `status` enum('ok','processing','failed') DEFAULT 'ok',
  `position` int(11) NOT NULL DEFAULT 1,
  `archived` tinyint(1) NOT NULL DEFAULT 0,
  `created_at` datetime DEFAULT current_timestamp(),
  PRIMARY KEY (`id`),
  KEY `lesson_id` (`lesson_id`),
  CONSTRAINT `lesson_materials_ibfk_1` FOREIGN KEY (`lesson_id`) REFERENCES `course_lessons` (`id`) ON DELETE CASCADE
) ENGINE=InnoDB AUTO_INCREMENT=33 DEFAULT CHARSET=utf8mb4 COLLATE=utf8mb4_general_ci;
/*!40101 SET character_set_client = @saved_cs_client */;

--
-- Dumping data for table `lesson_materials`
--

LOCK TABLES `lesson_materials` WRITE;
/*!40000 ALTER TABLE `lesson_materials` DISABLE KEYS */;
INSERT INTO `lesson_materials` VALUES (23,26,'pdf','material_download.php?f=20250922_181007_81aecfa0_Module_1_COMP102_BSIS__CM_Computer_Programming_1.pdf','Module 1 COMP102(BSIS)_CM_Computer Programming 1.pdf',2695995,'ok',1,0,'2025-09-22 18:10:07'),(24,27,'pdf','material_download.php?f=20250922_181013_42fcffc7_Module_1_COMP102_BSIS__CM_Computer_Programming_1.pdf','Module 1 COMP102(BSIS)_CM_Computer Programming 1.pdf',2695995,'ok',1,0,'2025-09-22 18:10:13'),(25,28,'pdf','material_download.php?f=20250922_181019_ec5f1373_Module_1_COMP102_BSIS__CM_Computer_Programming_1.pdf','Module 1 COMP102(BSIS)_CM_Computer Programming 1.pdf',2695995,'ok',1,0,'2025-09-22 18:10:19'),(27,29,'pdf','material_download.php?f=20250922_181036_460df8f2_Module_1_COMP102_BSIS__CM_Computer_Programming_1.pdf','Module 1 COMP102(BSIS)_CM_Computer Programming 1.pdf',2695995,'ok',1,0,'2025-09-22 18:10:36'),(28,30,'pdf','material_download.php?f=20250922_181048_a2a59a8a_Module_1_COMP102_BSIS__CM_Computer_Programming_1.pdf','Module 1 COMP102(BSIS)_CM_Computer Programming 1.pdf',2695995,'ok',1,0,'2025-09-22 18:10:48'),(29,31,'pdf','material_download.php?f=20250922_181239_0def9c3e_Module_1_COMP102_BSIS__CM_Computer_Programming_1.pdf','Module 1 COMP102(BSIS)_CM_Computer Programming 1.pdf',2695995,'ok',1,0,'2025-09-22 18:12:39'),(30,32,'pdf','material_download.php?f=20250922_181249_0aca4528_Module_1_COMP102_BSIS__CM_Computer_Programming_1.pdf','Module 1 COMP102(BSIS)_CM_Computer Programming 1.pdf',2695995,'ok',1,0,'2025-09-22 18:12:49'),(31,33,'pdf','material_download.php?f=20250923_002306_289a078c_Module_2_COMP102_BSIS__CM_Computer_Programming_1.pdf','Module 2 COMP102(BSIS)_CM_Computer Programming 1.pdf',1063362,'ok',1,0,'2025-09-23 00:23:06');
/*!40000 ALTER TABLE `lesson_materials` ENABLE KEYS */;
UNLOCK TABLES;

--
-- Table structure for table `login_logs`
--

DROP TABLE IF EXISTS `login_logs`;
/*!40101 SET @saved_cs_client     = @@character_set_client */;
/*!40101 SET character_set_client = utf8 */;
CREATE TABLE `login_logs` (
  `id` int(11) NOT NULL AUTO_INCREMENT,
  `user_id` int(11) NOT NULL,
  `login_method` varchar(32) NOT NULL,
  `ip_address` varchar(45) DEFAULT NULL,
  `user_agent` varchar(255) DEFAULT NULL,
  `login_time` timestamp NOT NULL DEFAULT current_timestamp(),
  PRIMARY KEY (`id`)
) ENGINE=InnoDB AUTO_INCREMENT=54 DEFAULT CHARSET=utf8mb4 COLLATE=utf8mb4_general_ci;
/*!40101 SET character_set_client = @saved_cs_client */;

--
-- Dumping data for table `login_logs`
--

LOCK TABLES `login_logs` WRITE;
/*!40000 ALTER TABLE `login_logs` DISABLE KEYS */;
INSERT INTO `login_logs` VALUES (1,54,'google_oauth','::1','Mozilla/5.0 (Windows NT 10.0; Win64; x64) AppleWebKit/537.36 (KHTML, like Gecko) Chrome/137.0.0.0 Safari/537.36','2025-06-30 19:21:41'),(2,55,'google_oauth','::1','Mozilla/5.0 (Windows NT 10.0; Win64; x64) AppleWebKit/537.36 (KHTML, like Gecko) Chrome/137.0.0.0 Safari/537.36','2025-06-30 19:21:56'),(3,54,'google_oauth','::1','Mozilla/5.0 (Windows NT 10.0; Win64; x64) AppleWebKit/537.36 (KHTML, like Gecko) Chrome/137.0.0.0 Safari/537.36','2025-06-30 19:22:14'),(4,54,'google_oauth','::1','Mozilla/5.0 (Windows NT 10.0; Win64; x64) AppleWebKit/537.36 (KHTML, like Gecko) Chrome/137.0.0.0 Safari/537.36','2025-06-30 19:27:56'),(5,21,'google_oauth','::1','Mozilla/5.0 (Windows NT 10.0; Win64; x64) AppleWebKit/537.36 (KHTML, like Gecko) Chrome/138.0.0.0 Safari/537.36','2025-06-30 19:28:44'),(6,54,'google_oauth','::1','Mozilla/5.0 (Windows NT 10.0; Win64; x64) AppleWebKit/537.36 (KHTML, like Gecko) Chrome/137.0.0.0 Safari/537.36','2025-06-30 19:29:17'),(7,54,'google_oauth','::1','Mozilla/5.0 (Windows NT 10.0; Win64; x64) AppleWebKit/537.36 (KHTML, like Gecko) Chrome/137.0.0.0 Safari/537.36','2025-06-30 19:33:58'),(8,54,'google_oauth','::1','Mozilla/5.0 (Windows NT 10.0; Win64; x64) AppleWebKit/537.36 (KHTML, like Gecko) Chrome/137.0.0.0 Safari/537.36','2025-06-30 19:34:43'),(9,54,'google_oauth','::1','Mozilla/5.0 (Windows NT 10.0; Win64; x64) AppleWebKit/537.36 (KHTML, like Gecko) Chrome/137.0.0.0 Safari/537.36','2025-06-30 19:39:32'),(10,54,'google_oauth','::1','Mozilla/5.0 (Windows NT 10.0; Win64; x64) AppleWebKit/537.36 (KHTML, like Gecko) Chrome/137.0.0.0 Safari/537.36','2025-06-30 19:43:17'),(11,54,'google_oauth','::1','Mozilla/5.0 (Windows NT 10.0; Win64; x64) AppleWebKit/537.36 (KHTML, like Gecko) Chrome/137.0.0.0 Safari/537.36','2025-06-30 20:04:04'),(12,54,'google_oauth','::1','Mozilla/5.0 (Windows NT 10.0; Win64; x64) AppleWebKit/537.36 (KHTML, like Gecko) Chrome/137.0.0.0 Safari/537.36','2025-06-30 20:06:30'),(13,54,'google_oauth','::1','Mozilla/5.0 (Windows NT 10.0; Win64; x64) AppleWebKit/537.36 (KHTML, like Gecko) Chrome/137.0.0.0 Safari/537.36','2025-06-30 20:16:30'),(14,56,'google_oauth','::1','Mozilla/5.0 (Windows NT 10.0; Win64; x64) AppleWebKit/537.36 (KHTML, like Gecko) Chrome/137.0.0.0 Safari/537.36','2025-07-01 05:46:34'),(15,57,'google_oauth','::1','Mozilla/5.0 (Windows NT 10.0; Win64; x64) AppleWebKit/537.36 (KHTML, like Gecko) Chrome/137.0.0.0 Safari/537.36','2025-07-01 05:51:03'),(16,58,'google_oauth','::1','Mozilla/5.0 (Windows NT 10.0; Win64; x64) AppleWebKit/537.36 (KHTML, like Gecko) Chrome/137.0.0.0 Safari/537.36','2025-07-01 05:55:47'),(17,58,'google_oauth','::1','Mozilla/5.0 (Windows NT 10.0; Win64; x64) AppleWebKit/537.36 (KHTML, like Gecko) Chrome/137.0.0.0 Safari/537.36','2025-07-01 08:57:56'),(18,59,'google_oauth','::1','Mozilla/5.0 (Windows NT 10.0; Win64; x64) AppleWebKit/537.36 (KHTML, like Gecko) Chrome/137.0.0.0 Safari/537.36','2025-07-01 09:09:37'),(19,59,'google_oauth','::1','Mozilla/5.0 (Windows NT 10.0; Win64; x64) AppleWebKit/537.36 (KHTML, like Gecko) Chrome/137.0.0.0 Safari/537.36','2025-07-01 09:23:14'),(20,59,'google_oauth','::1','Mozilla/5.0 (Windows NT 10.0; Win64; x64) AppleWebKit/537.36 (KHTML, like Gecko) Chrome/137.0.0.0 Safari/537.36','2025-07-03 06:50:21'),(21,60,'google_oauth','::1','Mozilla/5.0 (Windows NT 10.0; Win64; x64) AppleWebKit/537.36 (KHTML, like Gecko) Chrome/137.0.0.0 Safari/537.36','2025-07-03 06:52:21'),(22,61,'google_oauth','::1','Mozilla/5.0 (Windows NT 10.0; Win64; x64) AppleWebKit/537.36 (KHTML, like Gecko) Chrome/137.0.0.0 Safari/537.36','2025-07-03 07:39:26'),(23,61,'google_oauth','::1','Mozilla/5.0 (Windows NT 10.0; Win64; x64) AppleWebKit/537.36 (KHTML, like Gecko) Chrome/137.0.0.0 Safari/537.36','2025-07-03 08:08:31'),(24,62,'google_oauth','::1','Mozilla/5.0 (Windows NT 10.0; Win64; x64) AppleWebKit/537.36 (KHTML, like Gecko) Chrome/137.0.0.0 Safari/537.36','2025-07-03 08:50:15'),(25,68,'google_oauth','::1','Mozilla/5.0 (Windows NT 10.0; Win64; x64) AppleWebKit/537.36 (KHTML, like Gecko) Chrome/138.0.0.0 Safari/537.36','2025-07-10 13:57:00'),(26,68,'google_oauth','::1','Mozilla/5.0 (Windows NT 10.0; Win64; x64) AppleWebKit/537.36 (KHTML, like Gecko) Chrome/138.0.0.0 Safari/537.36','2025-07-14 04:56:13'),(27,69,'google_oauth','::1','Mozilla/5.0 (Windows NT 10.0; Win64; x64) AppleWebKit/537.36 (KHTML, like Gecko) Chrome/138.0.0.0 Safari/537.36','2025-07-15 19:00:40'),(28,70,'google_oauth','::1','Mozilla/5.0 (Windows NT 10.0; Win64; x64) AppleWebKit/537.36 (KHTML, like Gecko) Chrome/138.0.0.0 Safari/537.36','2025-07-16 06:21:30'),(29,70,'google_oauth','::1','Mozilla/5.0 (Windows NT 10.0; Win64; x64) AppleWebKit/537.36 (KHTML, like Gecko) Chrome/139.0.0.0 Safari/537.36','2025-08-15 07:27:06'),(30,75,'google_oauth','::1','Mozilla/5.0 (Windows NT 10.0; Win64; x64) AppleWebKit/537.36 (KHTML, like Gecko) Chrome/139.0.0.0 Safari/537.36','2025-08-19 13:54:43'),(31,76,'google_oauth','::1','Mozilla/5.0 (Windows NT 10.0; Win64; x64) AppleWebKit/537.36 (KHTML, like Gecko) Chrome/139.0.0.0 Safari/537.36','2025-08-19 13:56:41'),(32,77,'google_oauth','::1','Mozilla/5.0 (Windows NT 10.0; Win64; x64) AppleWebKit/537.36 (KHTML, like Gecko) Chrome/139.0.0.0 Safari/537.36','2025-08-20 10:09:19'),(33,78,'google_oauth','::1','Mozilla/5.0 (Windows NT 10.0; Win64; x64) AppleWebKit/537.36 (KHTML, like Gecko) Chrome/139.0.0.0 Safari/537.36','2025-08-26 07:45:51'),(34,80,'google_oauth','::1','Mozilla/5.0 (Windows NT 10.0; Win64; x64) AppleWebKit/537.36 (KHTML, like Gecko) Chrome/139.0.0.0 Safari/537.36','2025-09-05 10:42:01'),(35,81,'google_oauth','::1','Mozilla/5.0 (Windows NT 10.0; Win64; x64) AppleWebKit/537.36 (KHTML, like Gecko) Chrome/140.0.0.0 Safari/537.36','2025-09-05 17:01:13'),(36,81,'google_oauth','::1','Mozilla/5.0 (Windows NT 10.0; Win64; x64) AppleWebKit/537.36 (KHTML, like Gecko) Chrome/140.0.0.0 Safari/537.36','2025-09-11 17:05:23'),(37,82,'google_oauth','::1','Mozilla/5.0 (Windows NT 10.0; Win64; x64) AppleWebKit/537.36 (KHTML, like Gecko) Chrome/140.0.0.0 Safari/537.36','2025-09-12 18:44:25'),(38,82,'google_oauth','::1','Mozilla/5.0 (Windows NT 10.0; Win64; x64) AppleWebKit/537.36 (KHTML, like Gecko) Chrome/140.0.0.0 Safari/537.36','2025-09-13 20:48:51'),(39,82,'google_oauth','::1','Mozilla/5.0 (Windows NT 10.0; Win64; x64) AppleWebKit/537.36 (KHTML, like Gecko) Chrome/140.0.0.0 Safari/537.36','2025-09-13 21:00:37'),(40,82,'google_oauth','::1','Mozilla/5.0 (Windows NT 10.0; Win64; x64) AppleWebKit/537.36 (KHTML, like Gecko) Chrome/140.0.0.0 Safari/537.36','2025-09-13 21:04:04'),(41,82,'google_oauth','::1','Mozilla/5.0 (Windows NT 10.0; Win64; x64) AppleWebKit/537.36 (KHTML, like Gecko) Chrome/140.0.0.0 Safari/537.36','2025-09-13 21:17:56'),(42,82,'google_oauth','::1','Mozilla/5.0 (Windows NT 10.0; Win64; x64) AppleWebKit/537.36 (KHTML, like Gecko) Chrome/140.0.0.0 Safari/537.36','2025-09-13 21:31:19'),(43,82,'google_oauth','::1','Mozilla/5.0 (Windows NT 10.0; Win64; x64) AppleWebKit/537.36 (KHTML, like Gecko) Chrome/140.0.0.0 Safari/537.36','2025-09-16 06:23:15'),(44,82,'google_oauth','::1','Mozilla/5.0 (Windows NT 10.0; Win64; x64) AppleWebKit/537.36 (KHTML, like Gecko) Chrome/140.0.0.0 Safari/537.36','2025-09-16 07:33:05'),(45,82,'google_oauth','::1','Mozilla/5.0 (Windows NT 10.0; Win64; x64) AppleWebKit/537.36 (KHTML, like Gecko) Chrome/140.0.0.0 Safari/537.36','2025-09-16 13:29:00'),(46,82,'google_oauth','::1','Mozilla/5.0 (Windows NT 10.0; Win64; x64) AppleWebKit/537.36 (KHTML, like Gecko) Chrome/140.0.0.0 Safari/537.36','2025-09-16 15:56:05'),(47,82,'google_oauth','::1','Mozilla/5.0 (Windows NT 10.0; Win64; x64) AppleWebKit/537.36 (KHTML, like Gecko) Chrome/140.0.0.0 Safari/537.36','2025-09-17 20:16:02'),(48,82,'google_oauth','::1','Mozilla/5.0 (Windows NT 10.0; Win64; x64) AppleWebKit/537.36 (KHTML, like Gecko) Chrome/140.0.0.0 Safari/537.36','2025-09-21 19:26:07'),(49,82,'google_oauth','::1','Mozilla/5.0 (Windows NT 10.0; Win64; x64) AppleWebKit/537.36 (KHTML, like Gecko) Chrome/140.0.0.0 Safari/537.36','2025-09-26 20:13:27'),(50,82,'google_oauth','::1','Mozilla/5.0 (Windows NT 10.0; Win64; x64) AppleWebKit/537.36 (KHTML, like Gecko) Chrome/140.0.0.0 Safari/537.36','2025-09-27 18:07:04'),(51,82,'google_oauth','::1','Mozilla/5.0 (Windows NT 10.0; Win64; x64) AppleWebKit/537.36 (KHTML, like Gecko) Chrome/140.0.0.0 Safari/537.36','2025-09-27 21:38:01'),(52,82,'google_oauth','::1','Mozilla/5.0 (Windows NT 10.0; Win64; x64) AppleWebKit/537.36 (KHTML, like Gecko) Chrome/140.0.0.0 Safari/537.36','2025-09-28 16:13:43'),(53,82,'google_oauth','::1','Mozilla/5.0 (Windows NT 10.0; Win64; x64) AppleWebKit/537.36 (KHTML, like Gecko) Chrome/140.0.0.0 Safari/537.36','2025-09-29 14:44:26');
/*!40000 ALTER TABLE `login_logs` ENABLE KEYS */;
UNLOCK TABLES;

--
-- Table structure for table `question_choices`
--

DROP TABLE IF EXISTS `question_choices`;
/*!40101 SET @saved_cs_client     = @@character_set_client */;
/*!40101 SET character_set_client = utf8 */;
CREATE TABLE `question_choices` (
  `id` int(11) NOT NULL AUTO_INCREMENT,
  `question_id` int(11) NOT NULL,
  `choice_text` mediumtext NOT NULL,
  `is_correct` tinyint(1) NOT NULL DEFAULT 0,
  `position` int(11) NOT NULL DEFAULT 1,
  PRIMARY KEY (`id`),
  KEY `question_id` (`question_id`),
  CONSTRAINT `question_choices_ibfk_1` FOREIGN KEY (`question_id`) REFERENCES `activity_questions` (`id`) ON DELETE CASCADE
) ENGINE=InnoDB AUTO_INCREMENT=2 DEFAULT CHARSET=utf8mb4 COLLATE=utf8mb4_general_ci;
/*!40101 SET character_set_client = @saved_cs_client */;

--
-- Dumping data for table `question_choices`
--

LOCK TABLES `question_choices` WRITE;
/*!40000 ALTER TABLE `question_choices` DISABLE KEYS */;
/*!40000 ALTER TABLE `question_choices` ENABLE KEYS */;
UNLOCK TABLES;

--
-- Table structure for table `rate_limits`
--

DROP TABLE IF EXISTS `rate_limits`;
/*!40101 SET @saved_cs_client     = @@character_set_client */;
/*!40101 SET character_set_client = utf8 */;
CREATE TABLE `rate_limits` (
  `id` int(11) NOT NULL AUTO_INCREMENT,
  `identifier` varchar(255) NOT NULL,
  `action` varchar(100) NOT NULL,
  `created_at` timestamp NOT NULL DEFAULT current_timestamp(),
  PRIMARY KEY (`id`),
  KEY `idx_identifier_action` (`identifier`,`action`),
  KEY `idx_created_at` (`created_at`)
) ENGINE=InnoDB AUTO_INCREMENT=204 DEFAULT CHARSET=utf8mb4 COLLATE=utf8mb4_general_ci;
/*!40101 SET character_set_client = @saved_cs_client */;

--
-- Dumping data for table `rate_limits`
--

LOCK TABLES `rate_limits` WRITE;
/*!40000 ALTER TABLE `rate_limits` DISABLE KEYS */;
/*!40000 ALTER TABLE `rate_limits` ENABLE KEYS */;
UNLOCK TABLES;

--
-- Table structure for table `remember_me_tokens`
--

DROP TABLE IF EXISTS `remember_me_tokens`;
/*!40101 SET @saved_cs_client     = @@character_set_client */;
/*!40101 SET character_set_client = utf8 */;
CREATE TABLE `remember_me_tokens` (
  `id` int(11) NOT NULL AUTO_INCREMENT,
  `user_id` int(11) NOT NULL,
  `token` varchar(64) NOT NULL,
  `expires_at` datetime NOT NULL,
  `created_at` timestamp NOT NULL DEFAULT current_timestamp(),
  PRIMARY KEY (`id`),
  KEY `idx_token` (`token`),
  KEY `idx_user_id` (`user_id`),
  KEY `idx_expires_at` (`expires_at`),
  CONSTRAINT `remember_me_tokens_ibfk_1` FOREIGN KEY (`user_id`) REFERENCES `users` (`id`) ON DELETE CASCADE
) ENGINE=InnoDB AUTO_INCREMENT=16 DEFAULT CHARSET=utf8mb4 COLLATE=utf8mb4_general_ci;
/*!40101 SET character_set_client = @saved_cs_client */;

--
-- Dumping data for table `remember_me_tokens`
--

LOCK TABLES `remember_me_tokens` WRITE;
/*!40000 ALTER TABLE `remember_me_tokens` DISABLE KEYS */;
/*!40000 ALTER TABLE `remember_me_tokens` ENABLE KEYS */;
UNLOCK TABLES;

--
-- Table structure for table `user_preferences`
--

DROP TABLE IF EXISTS `user_preferences`;
/*!40101 SET @saved_cs_client     = @@character_set_client */;
/*!40101 SET character_set_client = utf8 */;
CREATE TABLE `user_preferences` (
  `id` int(11) NOT NULL AUTO_INCREMENT,
  `user_id` int(11) NOT NULL,
  `theme` varchar(20) DEFAULT 'light',
  `refresh_rate` int(11) DEFAULT 10,
  `show_notifications` tinyint(1) DEFAULT 1,
  `email_notifications` tinyint(1) DEFAULT 1,
  `created_at` timestamp NOT NULL DEFAULT current_timestamp(),
  `updated_at` timestamp NOT NULL DEFAULT current_timestamp() ON UPDATE current_timestamp(),
  PRIMARY KEY (`id`),
  UNIQUE KEY `unique_user_preferences` (`user_id`),
  CONSTRAINT `user_preferences_ibfk_1` FOREIGN KEY (`user_id`) REFERENCES `users` (`id`) ON DELETE CASCADE
) ENGINE=InnoDB AUTO_INCREMENT=511 DEFAULT CHARSET=utf8mb4 COLLATE=utf8mb4_general_ci;
/*!40101 SET character_set_client = @saved_cs_client */;

--
-- Dumping data for table `user_preferences`
--

LOCK TABLES `user_preferences` WRITE;
/*!40000 ALTER TABLE `user_preferences` DISABLE KEYS */;
INSERT INTO `user_preferences` VALUES (1,22,'light',10,1,1,'2025-08-15 07:51:38','2025-09-23 14:27:44'),(16,20,'light',10,1,1,'2025-08-26 15:16:10','2025-09-21 19:27:33'),(58,21,'light',10,1,1,'2025-09-03 20:28:39','2025-09-29 18:32:44'),(310,82,'light',10,1,1,'2025-09-12 19:17:38','2025-09-16 16:39:21');
/*!40000 ALTER TABLE `user_preferences` ENABLE KEYS */;
UNLOCK TABLES;

--
-- Table structure for table `users`
--

DROP TABLE IF EXISTS `users`;
/*!40101 SET @saved_cs_client     = @@character_set_client */;
/*!40101 SET character_set_client = utf8 */;
CREATE TABLE `users` (
  `id` int(11) NOT NULL AUTO_INCREMENT,
  `firstname` varchar(50) NOT NULL,
  `middlename` varchar(50) DEFAULT NULL,
  `lastname` varchar(50) NOT NULL,
  `id_number` varchar(20) NOT NULL,
  `email` varchar(100) NOT NULL,
  `profile_photo` varchar(255) DEFAULT NULL,
  `password` varchar(255) NOT NULL,
  `role` varchar(20) NOT NULL DEFAULT 'student',
  `created_at` datetime DEFAULT current_timestamp(),
  `updated_at` datetime DEFAULT current_timestamp() ON UPDATE current_timestamp(),
  `last_login` datetime DEFAULT NULL,
  `status` varchar(20) DEFAULT 'Active',
  `reset_token` varchar(128) DEFAULT NULL,
  `reset_token_expires` datetime DEFAULT NULL,
  `google_id` varchar(64) DEFAULT NULL,
  `login_method` varchar(32) DEFAULT NULL,
  `email_verified` tinyint(1) DEFAULT 0,
  PRIMARY KEY (`id`),
  KEY `idx_users_profile_photo` (`profile_photo`)
) ENGINE=InnoDB AUTO_INCREMENT=83 DEFAULT CHARSET=utf8mb4 COLLATE=utf8mb4_general_ci;
/*!40101 SET character_set_client = @saved_cs_client */;

--
-- Dumping data for table `users`
--

LOCK TABLES `users` WRITE;
/*!40000 ALTER TABLE `users` DISABLE KEYS */;
INSERT INTO `users` VALUES (20,'Marrion Dave','Coso','Lorejas','KLD-22-000124','mdclorejas@kld.edu.ph','profile_20_1759077374.jpg','$2y$10$aXGglnpszYGNia6UCmSexuzs5JzWPQQVPzzFH93rrotKej7JGGwNi','Coordinator','2025-06-17 00:49:17','2025-09-30 01:38:13','2025-09-30 01:38:13','Active',NULL,NULL,NULL,NULL,0),(21,'Martin John','Romualdez','Hangad','KLD-22-000125','mjshangad@kld.edu.ph','profile_21_1759157244.png','$2y$10$KtzfrUA79oajKTNuZNe82uGjLQ/CldIZJ7M.M0/HTdOsqBMQBnDjG','Teacher','2025-06-17 00:52:34','2025-09-30 02:32:37','2025-09-30 02:32:37','Active',NULL,NULL,'114988505679724334051',NULL,0),(22,'Ellysar','Arroyo','Espadera','KLD-22-000126','eaespadera@kld.edu.ph','profile_22_1759076073.jpg','$2y$10$VLFZPYrLJgnZQfus1Ste7.oN2VgEYzkTEX1vumxsOgwjE24yLe9Va','Admin','2025-06-19 01:09:36','2025-09-29 22:47:37','2025-09-29 22:47:37','Active',NULL,NULL,NULL,NULL,0),(82,'Dave','Zulueta','Escotinia','KLD-22-000123','dzescotinia@kld.edu.ph',NULL,'$2y$10$5N4CZm12icW0yKYLNk5p4uMWfqALtInctsCghBTjKFZZac9OKbRFG','STUDENT','2025-09-12 02:55:27','2025-09-29 22:44:34','2025-09-17 01:50:43','Active',NULL,NULL,'116614124092704758034',NULL,0);
/*!40000 ALTER TABLE `users` ENABLE KEYS */;
UNLOCK TABLES;
/*!40103 SET TIME_ZONE=@OLD_TIME_ZONE */;

/*!40101 SET SQL_MODE=@OLD_SQL_MODE */;
/*!40014 SET FOREIGN_KEY_CHECKS=@OLD_FOREIGN_KEY_CHECKS */;
/*!40014 SET UNIQUE_CHECKS=@OLD_UNIQUE_CHECKS */;
/*!40101 SET CHARACTER_SET_CLIENT=@OLD_CHARACTER_SET_CLIENT */;
/*!40101 SET CHARACTER_SET_RESULTS=@OLD_CHARACTER_SET_RESULTS */;
/*!40101 SET COLLATION_CONNECTION=@OLD_COLLATION_CONNECTION */;
/*!40111 SET SQL_NOTES=@OLD_SQL_NOTES */;

-- Dump completed on 2025-09-30  2:55:23
